#
# TABLE STRUCTURE FOR: communities
#

DROP TABLE IF EXISTS `communities`;

CREATE TABLE `communities` (
  `id` int(10) unsigned NOT NULL AUTO_INCREMENT,
  `name` varchar(150) COLLATE utf8_unicode_ci NOT NULL,
  PRIMARY KEY (`id`),
  UNIQUE KEY `name` (`name`)
) ENGINE=InnoDB AUTO_INCREMENT=31 DEFAULT CHARSET=utf8 COLLATE=utf8_unicode_ci;

INSERT INTO `communities` (`id`, `name`) VALUES (6, 'aliquid');
INSERT INTO `communities` (`id`, `name`) VALUES (2, 'amet');
INSERT INTO `communities` (`id`, `name`) VALUES (26, 'animi');
INSERT INTO `communities` (`id`, `name`) VALUES (7, 'architecto');
INSERT INTO `communities` (`id`, `name`) VALUES (29, 'at');
INSERT INTO `communities` (`id`, `name`) VALUES (11, 'aut');
INSERT INTO `communities` (`id`, `name`) VALUES (15, 'autem');
INSERT INTO `communities` (`id`, `name`) VALUES (18, 'consectetur');
INSERT INTO `communities` (`id`, `name`) VALUES (14, 'dolore');
INSERT INTO `communities` (`id`, `name`) VALUES (19, 'earum');
INSERT INTO `communities` (`id`, `name`) VALUES (25, 'eos');
INSERT INTO `communities` (`id`, `name`) VALUES (4, 'et');
INSERT INTO `communities` (`id`, `name`) VALUES (27, 'eum');
INSERT INTO `communities` (`id`, `name`) VALUES (3, 'illum');
INSERT INTO `communities` (`id`, `name`) VALUES (1, 'impedit');
INSERT INTO `communities` (`id`, `name`) VALUES (23, 'in');
INSERT INTO `communities` (`id`, `name`) VALUES (17, 'nostrum');
INSERT INTO `communities` (`id`, `name`) VALUES (22, 'odit');
INSERT INTO `communities` (`id`, `name`) VALUES (21, 'pariatur');
INSERT INTO `communities` (`id`, `name`) VALUES (30, 'provident');
INSERT INTO `communities` (`id`, `name`) VALUES (20, 'quia');
INSERT INTO `communities` (`id`, `name`) VALUES (13, 'quis');
INSERT INTO `communities` (`id`, `name`) VALUES (5, 'ratione');
INSERT INTO `communities` (`id`, `name`) VALUES (24, 'recusandae');
INSERT INTO `communities` (`id`, `name`) VALUES (9, 'saepe');
INSERT INTO `communities` (`id`, `name`) VALUES (10, 'sed');
INSERT INTO `communities` (`id`, `name`) VALUES (8, 'sunt');
INSERT INTO `communities` (`id`, `name`) VALUES (16, 'veniam');
INSERT INTO `communities` (`id`, `name`) VALUES (12, 'voluptatem');
INSERT INTO `communities` (`id`, `name`) VALUES (28, 'voluptatum');


#
# TABLE STRUCTURE FOR: communities_users
#

DROP TABLE IF EXISTS `communities_users`;

CREATE TABLE `communities_users` (
  `community_id` int(10) unsigned NOT NULL,
  `user_id` int(10) unsigned NOT NULL,
  PRIMARY KEY (`community_id`,`user_id`)
) ENGINE=InnoDB DEFAULT CHARSET=utf8 COLLATE=utf8_unicode_ci;

INSERT INTO `communities_users` (`community_id`, `user_id`) VALUES (1, 1);
INSERT INTO `communities_users` (`community_id`, `user_id`) VALUES (1, 31);
INSERT INTO `communities_users` (`community_id`, `user_id`) VALUES (1, 61);
INSERT INTO `communities_users` (`community_id`, `user_id`) VALUES (1, 91);
INSERT INTO `communities_users` (`community_id`, `user_id`) VALUES (2, 2);
INSERT INTO `communities_users` (`community_id`, `user_id`) VALUES (2, 32);
INSERT INTO `communities_users` (`community_id`, `user_id`) VALUES (2, 62);
INSERT INTO `communities_users` (`community_id`, `user_id`) VALUES (2, 92);
INSERT INTO `communities_users` (`community_id`, `user_id`) VALUES (3, 3);
INSERT INTO `communities_users` (`community_id`, `user_id`) VALUES (3, 33);
INSERT INTO `communities_users` (`community_id`, `user_id`) VALUES (3, 63);
INSERT INTO `communities_users` (`community_id`, `user_id`) VALUES (3, 93);
INSERT INTO `communities_users` (`community_id`, `user_id`) VALUES (4, 4);
INSERT INTO `communities_users` (`community_id`, `user_id`) VALUES (4, 34);
INSERT INTO `communities_users` (`community_id`, `user_id`) VALUES (4, 64);
INSERT INTO `communities_users` (`community_id`, `user_id`) VALUES (4, 94);
INSERT INTO `communities_users` (`community_id`, `user_id`) VALUES (5, 5);
INSERT INTO `communities_users` (`community_id`, `user_id`) VALUES (5, 35);
INSERT INTO `communities_users` (`community_id`, `user_id`) VALUES (5, 65);
INSERT INTO `communities_users` (`community_id`, `user_id`) VALUES (5, 95);
INSERT INTO `communities_users` (`community_id`, `user_id`) VALUES (6, 6);
INSERT INTO `communities_users` (`community_id`, `user_id`) VALUES (6, 36);
INSERT INTO `communities_users` (`community_id`, `user_id`) VALUES (6, 66);
INSERT INTO `communities_users` (`community_id`, `user_id`) VALUES (6, 96);
INSERT INTO `communities_users` (`community_id`, `user_id`) VALUES (7, 7);
INSERT INTO `communities_users` (`community_id`, `user_id`) VALUES (7, 37);
INSERT INTO `communities_users` (`community_id`, `user_id`) VALUES (7, 67);
INSERT INTO `communities_users` (`community_id`, `user_id`) VALUES (7, 97);
INSERT INTO `communities_users` (`community_id`, `user_id`) VALUES (8, 8);
INSERT INTO `communities_users` (`community_id`, `user_id`) VALUES (8, 38);
INSERT INTO `communities_users` (`community_id`, `user_id`) VALUES (8, 68);
INSERT INTO `communities_users` (`community_id`, `user_id`) VALUES (8, 98);
INSERT INTO `communities_users` (`community_id`, `user_id`) VALUES (9, 9);
INSERT INTO `communities_users` (`community_id`, `user_id`) VALUES (9, 39);
INSERT INTO `communities_users` (`community_id`, `user_id`) VALUES (9, 69);
INSERT INTO `communities_users` (`community_id`, `user_id`) VALUES (9, 99);
INSERT INTO `communities_users` (`community_id`, `user_id`) VALUES (10, 10);
INSERT INTO `communities_users` (`community_id`, `user_id`) VALUES (10, 40);
INSERT INTO `communities_users` (`community_id`, `user_id`) VALUES (10, 70);
INSERT INTO `communities_users` (`community_id`, `user_id`) VALUES (10, 100);
INSERT INTO `communities_users` (`community_id`, `user_id`) VALUES (11, 11);
INSERT INTO `communities_users` (`community_id`, `user_id`) VALUES (11, 41);
INSERT INTO `communities_users` (`community_id`, `user_id`) VALUES (11, 71);
INSERT INTO `communities_users` (`community_id`, `user_id`) VALUES (12, 12);
INSERT INTO `communities_users` (`community_id`, `user_id`) VALUES (12, 42);
INSERT INTO `communities_users` (`community_id`, `user_id`) VALUES (12, 72);
INSERT INTO `communities_users` (`community_id`, `user_id`) VALUES (13, 13);
INSERT INTO `communities_users` (`community_id`, `user_id`) VALUES (13, 43);
INSERT INTO `communities_users` (`community_id`, `user_id`) VALUES (13, 73);
INSERT INTO `communities_users` (`community_id`, `user_id`) VALUES (14, 14);
INSERT INTO `communities_users` (`community_id`, `user_id`) VALUES (14, 44);
INSERT INTO `communities_users` (`community_id`, `user_id`) VALUES (14, 74);
INSERT INTO `communities_users` (`community_id`, `user_id`) VALUES (15, 15);
INSERT INTO `communities_users` (`community_id`, `user_id`) VALUES (15, 45);
INSERT INTO `communities_users` (`community_id`, `user_id`) VALUES (15, 75);
INSERT INTO `communities_users` (`community_id`, `user_id`) VALUES (16, 16);
INSERT INTO `communities_users` (`community_id`, `user_id`) VALUES (16, 46);
INSERT INTO `communities_users` (`community_id`, `user_id`) VALUES (16, 76);
INSERT INTO `communities_users` (`community_id`, `user_id`) VALUES (17, 17);
INSERT INTO `communities_users` (`community_id`, `user_id`) VALUES (17, 47);
INSERT INTO `communities_users` (`community_id`, `user_id`) VALUES (17, 77);
INSERT INTO `communities_users` (`community_id`, `user_id`) VALUES (18, 18);
INSERT INTO `communities_users` (`community_id`, `user_id`) VALUES (18, 48);
INSERT INTO `communities_users` (`community_id`, `user_id`) VALUES (18, 78);
INSERT INTO `communities_users` (`community_id`, `user_id`) VALUES (19, 19);
INSERT INTO `communities_users` (`community_id`, `user_id`) VALUES (19, 49);
INSERT INTO `communities_users` (`community_id`, `user_id`) VALUES (19, 79);
INSERT INTO `communities_users` (`community_id`, `user_id`) VALUES (20, 20);
INSERT INTO `communities_users` (`community_id`, `user_id`) VALUES (20, 50);
INSERT INTO `communities_users` (`community_id`, `user_id`) VALUES (20, 80);
INSERT INTO `communities_users` (`community_id`, `user_id`) VALUES (21, 21);
INSERT INTO `communities_users` (`community_id`, `user_id`) VALUES (21, 51);
INSERT INTO `communities_users` (`community_id`, `user_id`) VALUES (21, 81);
INSERT INTO `communities_users` (`community_id`, `user_id`) VALUES (22, 22);
INSERT INTO `communities_users` (`community_id`, `user_id`) VALUES (22, 52);
INSERT INTO `communities_users` (`community_id`, `user_id`) VALUES (22, 82);
INSERT INTO `communities_users` (`community_id`, `user_id`) VALUES (23, 23);
INSERT INTO `communities_users` (`community_id`, `user_id`) VALUES (23, 53);
INSERT INTO `communities_users` (`community_id`, `user_id`) VALUES (23, 83);
INSERT INTO `communities_users` (`community_id`, `user_id`) VALUES (24, 24);
INSERT INTO `communities_users` (`community_id`, `user_id`) VALUES (24, 54);
INSERT INTO `communities_users` (`community_id`, `user_id`) VALUES (24, 84);
INSERT INTO `communities_users` (`community_id`, `user_id`) VALUES (25, 25);
INSERT INTO `communities_users` (`community_id`, `user_id`) VALUES (25, 55);
INSERT INTO `communities_users` (`community_id`, `user_id`) VALUES (25, 85);
INSERT INTO `communities_users` (`community_id`, `user_id`) VALUES (26, 26);
INSERT INTO `communities_users` (`community_id`, `user_id`) VALUES (26, 56);
INSERT INTO `communities_users` (`community_id`, `user_id`) VALUES (26, 86);
INSERT INTO `communities_users` (`community_id`, `user_id`) VALUES (27, 27);
INSERT INTO `communities_users` (`community_id`, `user_id`) VALUES (27, 57);
INSERT INTO `communities_users` (`community_id`, `user_id`) VALUES (27, 87);
INSERT INTO `communities_users` (`community_id`, `user_id`) VALUES (28, 28);
INSERT INTO `communities_users` (`community_id`, `user_id`) VALUES (28, 58);
INSERT INTO `communities_users` (`community_id`, `user_id`) VALUES (28, 88);
INSERT INTO `communities_users` (`community_id`, `user_id`) VALUES (29, 29);
INSERT INTO `communities_users` (`community_id`, `user_id`) VALUES (29, 59);
INSERT INTO `communities_users` (`community_id`, `user_id`) VALUES (29, 89);
INSERT INTO `communities_users` (`community_id`, `user_id`) VALUES (30, 30);
INSERT INTO `communities_users` (`community_id`, `user_id`) VALUES (30, 60);
INSERT INTO `communities_users` (`community_id`, `user_id`) VALUES (30, 90);


#
# TABLE STRUCTURE FOR: friendship
#

DROP TABLE IF EXISTS `friendship`;

CREATE TABLE `friendship` (
  `user_id` int(10) unsigned NOT NULL,
  `friend_id` int(10) unsigned NOT NULL,
  `status_id` int(10) unsigned NOT NULL,
  `requested_at` datetime DEFAULT current_timestamp(),
  `confirmed_at` datetime DEFAULT NULL,
  PRIMARY KEY (`user_id`,`friend_id`)
) ENGINE=InnoDB DEFAULT CHARSET=utf8 COLLATE=utf8_unicode_ci;

INSERT INTO `friendship` (`user_id`, `friend_id`, `status_id`, `requested_at`, `confirmed_at`) VALUES (1, 54, 1, '1981-04-28 22:38:12', '2019-11-09 18:25:36');
INSERT INTO `friendship` (`user_id`, `friend_id`, `status_id`, `requested_at`, `confirmed_at`) VALUES (2, 90, 2, '2011-04-30 18:35:31', '1981-03-16 06:03:13');
INSERT INTO `friendship` (`user_id`, `friend_id`, `status_id`, `requested_at`, `confirmed_at`) VALUES (3, 24, 3, '1970-10-13 00:52:38', '1985-05-09 17:37:49');
INSERT INTO `friendship` (`user_id`, `friend_id`, `status_id`, `requested_at`, `confirmed_at`) VALUES (4, 62, 4, '1997-11-06 22:00:42', '1993-10-26 08:46:01');
INSERT INTO `friendship` (`user_id`, `friend_id`, `status_id`, `requested_at`, `confirmed_at`) VALUES (5, 82, 5, '1973-09-30 21:12:21', '2019-04-17 13:40:33');
INSERT INTO `friendship` (`user_id`, `friend_id`, `status_id`, `requested_at`, `confirmed_at`) VALUES (6, 1, 1, '2010-09-10 08:44:34', '2010-12-20 05:17:30');
INSERT INTO `friendship` (`user_id`, `friend_id`, `status_id`, `requested_at`, `confirmed_at`) VALUES (7, 76, 2, '1991-12-23 08:11:26', '2011-04-08 02:16:54');
INSERT INTO `friendship` (`user_id`, `friend_id`, `status_id`, `requested_at`, `confirmed_at`) VALUES (8, 2, 3, '1977-03-26 01:32:25', '1991-12-16 21:44:01');
INSERT INTO `friendship` (`user_id`, `friend_id`, `status_id`, `requested_at`, `confirmed_at`) VALUES (9, 22, 4, '1999-06-30 10:53:10', '1999-07-23 17:57:45');
INSERT INTO `friendship` (`user_id`, `friend_id`, `status_id`, `requested_at`, `confirmed_at`) VALUES (10, 58, 5, '1976-07-06 19:32:56', '1981-02-08 12:23:27');
INSERT INTO `friendship` (`user_id`, `friend_id`, `status_id`, `requested_at`, `confirmed_at`) VALUES (11, 34, 1, '1996-12-07 08:07:10', '1973-10-30 05:21:46');
INSERT INTO `friendship` (`user_id`, `friend_id`, `status_id`, `requested_at`, `confirmed_at`) VALUES (12, 46, 2, '1991-10-18 06:17:24', '2008-02-06 10:13:45');
INSERT INTO `friendship` (`user_id`, `friend_id`, `status_id`, `requested_at`, `confirmed_at`) VALUES (13, 63, 3, '2005-01-15 16:25:00', '1972-11-16 02:24:22');
INSERT INTO `friendship` (`user_id`, `friend_id`, `status_id`, `requested_at`, `confirmed_at`) VALUES (14, 21, 4, '1971-01-29 09:38:15', '1993-09-08 01:28:54');
INSERT INTO `friendship` (`user_id`, `friend_id`, `status_id`, `requested_at`, `confirmed_at`) VALUES (15, 66, 5, '1989-02-16 02:23:52', '2004-02-27 05:12:19');
INSERT INTO `friendship` (`user_id`, `friend_id`, `status_id`, `requested_at`, `confirmed_at`) VALUES (16, 43, 1, '1981-04-23 18:30:56', '2003-02-27 15:34:58');
INSERT INTO `friendship` (`user_id`, `friend_id`, `status_id`, `requested_at`, `confirmed_at`) VALUES (17, 38, 2, '2019-03-05 02:56:37', '2010-01-28 05:15:07');
INSERT INTO `friendship` (`user_id`, `friend_id`, `status_id`, `requested_at`, `confirmed_at`) VALUES (18, 18, 3, '2012-05-11 04:48:23', '2009-02-14 11:00:46');
INSERT INTO `friendship` (`user_id`, `friend_id`, `status_id`, `requested_at`, `confirmed_at`) VALUES (19, 96, 4, '1992-01-04 04:08:06', '1981-09-08 02:40:34');
INSERT INTO `friendship` (`user_id`, `friend_id`, `status_id`, `requested_at`, `confirmed_at`) VALUES (20, 40, 5, '1999-09-07 01:10:43', '2019-01-25 07:54:30');
INSERT INTO `friendship` (`user_id`, `friend_id`, `status_id`, `requested_at`, `confirmed_at`) VALUES (21, 61, 1, '2011-04-12 11:23:56', '2018-11-10 05:37:08');
INSERT INTO `friendship` (`user_id`, `friend_id`, `status_id`, `requested_at`, `confirmed_at`) VALUES (22, 28, 2, '1973-04-04 22:26:59', '2001-11-26 13:17:06');
INSERT INTO `friendship` (`user_id`, `friend_id`, `status_id`, `requested_at`, `confirmed_at`) VALUES (23, 69, 3, '1979-01-25 14:21:37', '2004-11-09 01:50:44');
INSERT INTO `friendship` (`user_id`, `friend_id`, `status_id`, `requested_at`, `confirmed_at`) VALUES (24, 8, 4, '1980-10-23 21:04:05', '1986-09-16 13:37:44');
INSERT INTO `friendship` (`user_id`, `friend_id`, `status_id`, `requested_at`, `confirmed_at`) VALUES (25, 49, 5, '2000-03-06 00:18:31', '1983-12-17 04:30:35');
INSERT INTO `friendship` (`user_id`, `friend_id`, `status_id`, `requested_at`, `confirmed_at`) VALUES (26, 74, 1, '2010-07-29 21:04:06', '1972-09-03 11:39:42');
INSERT INTO `friendship` (`user_id`, `friend_id`, `status_id`, `requested_at`, `confirmed_at`) VALUES (27, 29, 2, '1986-04-12 19:49:59', '2011-07-03 02:15:43');
INSERT INTO `friendship` (`user_id`, `friend_id`, `status_id`, `requested_at`, `confirmed_at`) VALUES (28, 78, 3, '1984-02-08 17:57:41', '2000-02-26 03:58:34');
INSERT INTO `friendship` (`user_id`, `friend_id`, `status_id`, `requested_at`, `confirmed_at`) VALUES (29, 27, 4, '2011-02-14 17:44:43', '1982-11-27 01:08:20');
INSERT INTO `friendship` (`user_id`, `friend_id`, `status_id`, `requested_at`, `confirmed_at`) VALUES (30, 44, 5, '1996-02-06 12:54:37', '1984-10-24 04:54:38');
INSERT INTO `friendship` (`user_id`, `friend_id`, `status_id`, `requested_at`, `confirmed_at`) VALUES (31, 4, 1, '1978-02-19 13:57:51', '1983-04-24 10:52:56');
INSERT INTO `friendship` (`user_id`, `friend_id`, `status_id`, `requested_at`, `confirmed_at`) VALUES (32, 92, 2, '1970-09-19 10:10:34', '1989-09-05 14:23:16');
INSERT INTO `friendship` (`user_id`, `friend_id`, `status_id`, `requested_at`, `confirmed_at`) VALUES (33, 98, 3, '1974-01-21 16:28:05', '2011-06-19 02:27:48');
INSERT INTO `friendship` (`user_id`, `friend_id`, `status_id`, `requested_at`, `confirmed_at`) VALUES (34, 64, 4, '1987-06-17 01:07:28', '1972-03-02 02:34:08');
INSERT INTO `friendship` (`user_id`, `friend_id`, `status_id`, `requested_at`, `confirmed_at`) VALUES (35, 36, 5, '1988-12-31 00:17:38', '1980-11-28 22:47:38');
INSERT INTO `friendship` (`user_id`, `friend_id`, `status_id`, `requested_at`, `confirmed_at`) VALUES (36, 89, 1, '1992-04-25 18:14:51', '1986-10-12 09:21:39');
INSERT INTO `friendship` (`user_id`, `friend_id`, `status_id`, `requested_at`, `confirmed_at`) VALUES (37, 53, 2, '2018-03-26 23:54:39', '1999-03-08 16:20:06');
INSERT INTO `friendship` (`user_id`, `friend_id`, `status_id`, `requested_at`, `confirmed_at`) VALUES (38, 37, 3, '2016-10-01 10:11:30', '2010-03-11 12:40:11');
INSERT INTO `friendship` (`user_id`, `friend_id`, `status_id`, `requested_at`, `confirmed_at`) VALUES (39, 14, 4, '2017-11-15 08:35:56', '1990-12-01 06:55:49');
INSERT INTO `friendship` (`user_id`, `friend_id`, `status_id`, `requested_at`, `confirmed_at`) VALUES (40, 3, 5, '1990-09-13 21:31:52', '1984-06-07 22:41:06');
INSERT INTO `friendship` (`user_id`, `friend_id`, `status_id`, `requested_at`, `confirmed_at`) VALUES (41, 39, 1, '1997-04-15 16:18:00', '1981-03-07 17:21:16');
INSERT INTO `friendship` (`user_id`, `friend_id`, `status_id`, `requested_at`, `confirmed_at`) VALUES (42, 48, 2, '1983-12-09 14:15:35', '2003-12-05 17:39:23');
INSERT INTO `friendship` (`user_id`, `friend_id`, `status_id`, `requested_at`, `confirmed_at`) VALUES (43, 99, 3, '1997-09-02 09:33:48', '2009-01-12 10:51:08');
INSERT INTO `friendship` (`user_id`, `friend_id`, `status_id`, `requested_at`, `confirmed_at`) VALUES (44, 35, 4, '2017-07-04 21:54:24', '2010-01-12 01:16:59');
INSERT INTO `friendship` (`user_id`, `friend_id`, `status_id`, `requested_at`, `confirmed_at`) VALUES (45, 10, 5, '1985-04-21 00:07:48', '2018-11-28 08:25:29');
INSERT INTO `friendship` (`user_id`, `friend_id`, `status_id`, `requested_at`, `confirmed_at`) VALUES (46, 47, 1, '1987-04-10 12:34:12', '2018-12-27 02:06:38');
INSERT INTO `friendship` (`user_id`, `friend_id`, `status_id`, `requested_at`, `confirmed_at`) VALUES (47, 95, 2, '1974-05-28 09:56:51', '1974-08-24 07:02:44');
INSERT INTO `friendship` (`user_id`, `friend_id`, `status_id`, `requested_at`, `confirmed_at`) VALUES (48, 6, 3, '1970-02-14 19:35:07', '2018-01-03 13:23:46');
INSERT INTO `friendship` (`user_id`, `friend_id`, `status_id`, `requested_at`, `confirmed_at`) VALUES (49, 52, 4, '1976-08-03 05:55:59', '1987-09-07 04:22:39');
INSERT INTO `friendship` (`user_id`, `friend_id`, `status_id`, `requested_at`, `confirmed_at`) VALUES (50, 16, 5, '1989-03-08 11:48:06', '1975-03-26 12:29:53');
INSERT INTO `friendship` (`user_id`, `friend_id`, `status_id`, `requested_at`, `confirmed_at`) VALUES (51, 87, 1, '1996-05-10 19:17:35', '2005-07-17 13:54:35');
INSERT INTO `friendship` (`user_id`, `friend_id`, `status_id`, `requested_at`, `confirmed_at`) VALUES (52, 68, 2, '2016-09-14 04:56:09', '1999-04-10 19:44:53');
INSERT INTO `friendship` (`user_id`, `friend_id`, `status_id`, `requested_at`, `confirmed_at`) VALUES (53, 45, 3, '2019-03-21 00:40:57', '1999-08-07 17:45:20');
INSERT INTO `friendship` (`user_id`, `friend_id`, `status_id`, `requested_at`, `confirmed_at`) VALUES (54, 97, 4, '2016-11-10 01:41:25', '2014-09-26 12:53:26');
INSERT INTO `friendship` (`user_id`, `friend_id`, `status_id`, `requested_at`, `confirmed_at`) VALUES (55, 65, 5, '2005-03-31 23:37:38', '2009-06-12 13:14:00');
INSERT INTO `friendship` (`user_id`, `friend_id`, `status_id`, `requested_at`, `confirmed_at`) VALUES (56, 13, 1, '1994-06-27 11:39:19', '1995-02-08 05:42:42');
INSERT INTO `friendship` (`user_id`, `friend_id`, `status_id`, `requested_at`, `confirmed_at`) VALUES (57, 26, 2, '2019-06-02 20:38:29', '2005-05-23 02:23:43');
INSERT INTO `friendship` (`user_id`, `friend_id`, `status_id`, `requested_at`, `confirmed_at`) VALUES (58, 25, 3, '2019-05-22 06:59:31', '2019-01-19 01:47:06');
INSERT INTO `friendship` (`user_id`, `friend_id`, `status_id`, `requested_at`, `confirmed_at`) VALUES (59, 85, 4, '1998-08-16 08:37:52', '1975-03-12 10:48:51');
INSERT INTO `friendship` (`user_id`, `friend_id`, `status_id`, `requested_at`, `confirmed_at`) VALUES (60, 79, 5, '2010-05-16 17:27:24', '1979-09-09 04:35:23');
INSERT INTO `friendship` (`user_id`, `friend_id`, `status_id`, `requested_at`, `confirmed_at`) VALUES (61, 30, 1, '2015-12-02 03:16:34', '1990-12-04 06:34:06');
INSERT INTO `friendship` (`user_id`, `friend_id`, `status_id`, `requested_at`, `confirmed_at`) VALUES (62, 91, 2, '1982-07-02 10:50:14', '1975-07-10 03:57:59');
INSERT INTO `friendship` (`user_id`, `friend_id`, `status_id`, `requested_at`, `confirmed_at`) VALUES (63, 32, 3, '1970-06-09 13:30:15', '1997-01-19 20:10:12');
INSERT INTO `friendship` (`user_id`, `friend_id`, `status_id`, `requested_at`, `confirmed_at`) VALUES (64, 55, 4, '2008-01-14 18:53:49', '1982-01-01 13:29:13');
INSERT INTO `friendship` (`user_id`, `friend_id`, `status_id`, `requested_at`, `confirmed_at`) VALUES (65, 94, 5, '1990-03-08 05:15:50', '2016-09-02 09:20:59');
INSERT INTO `friendship` (`user_id`, `friend_id`, `status_id`, `requested_at`, `confirmed_at`) VALUES (66, 42, 1, '1980-02-27 09:30:46', '1981-10-10 11:02:31');
INSERT INTO `friendship` (`user_id`, `friend_id`, `status_id`, `requested_at`, `confirmed_at`) VALUES (67, 20, 2, '2010-03-03 15:50:27', '2018-02-11 08:32:16');
INSERT INTO `friendship` (`user_id`, `friend_id`, `status_id`, `requested_at`, `confirmed_at`) VALUES (68, 12, 3, '1994-05-18 19:38:49', '1989-08-25 08:54:54');
INSERT INTO `friendship` (`user_id`, `friend_id`, `status_id`, `requested_at`, `confirmed_at`) VALUES (69, 15, 4, '2000-10-28 02:28:29', '2018-04-13 16:20:55');
INSERT INTO `friendship` (`user_id`, `friend_id`, `status_id`, `requested_at`, `confirmed_at`) VALUES (70, 84, 5, '1984-11-28 12:40:49', '2005-09-03 19:40:24');
INSERT INTO `friendship` (`user_id`, `friend_id`, `status_id`, `requested_at`, `confirmed_at`) VALUES (71, 59, 1, '1980-09-03 00:56:55', '1975-08-19 12:15:57');
INSERT INTO `friendship` (`user_id`, `friend_id`, `status_id`, `requested_at`, `confirmed_at`) VALUES (72, 73, 2, '2002-05-11 10:32:59', '1997-01-12 05:47:32');
INSERT INTO `friendship` (`user_id`, `friend_id`, `status_id`, `requested_at`, `confirmed_at`) VALUES (73, 77, 3, '2000-07-03 20:02:43', '1988-07-29 03:54:06');
INSERT INTO `friendship` (`user_id`, `friend_id`, `status_id`, `requested_at`, `confirmed_at`) VALUES (74, 50, 4, '2006-12-20 01:46:42', '2000-05-04 01:26:53');
INSERT INTO `friendship` (`user_id`, `friend_id`, `status_id`, `requested_at`, `confirmed_at`) VALUES (75, 100, 5, '1978-03-09 17:56:39', '2011-04-05 21:09:12');
INSERT INTO `friendship` (`user_id`, `friend_id`, `status_id`, `requested_at`, `confirmed_at`) VALUES (76, 71, 1, '1985-02-25 00:20:40', '2009-07-22 09:22:19');
INSERT INTO `friendship` (`user_id`, `friend_id`, `status_id`, `requested_at`, `confirmed_at`) VALUES (77, 67, 2, '1979-05-18 14:30:33', '2014-10-20 01:50:34');
INSERT INTO `friendship` (`user_id`, `friend_id`, `status_id`, `requested_at`, `confirmed_at`) VALUES (78, 93, 3, '2006-02-24 02:29:37', '1972-10-17 09:31:40');
INSERT INTO `friendship` (`user_id`, `friend_id`, `status_id`, `requested_at`, `confirmed_at`) VALUES (79, 83, 4, '1984-08-30 01:33:35', '1998-12-16 03:40:49');
INSERT INTO `friendship` (`user_id`, `friend_id`, `status_id`, `requested_at`, `confirmed_at`) VALUES (80, 23, 5, '2001-01-08 13:14:39', '1980-09-17 10:20:21');
INSERT INTO `friendship` (`user_id`, `friend_id`, `status_id`, `requested_at`, `confirmed_at`) VALUES (81, 5, 1, '2000-09-04 03:18:08', '1988-12-20 23:43:38');
INSERT INTO `friendship` (`user_id`, `friend_id`, `status_id`, `requested_at`, `confirmed_at`) VALUES (82, 70, 2, '1998-03-20 09:18:48', '1972-09-15 00:09:38');
INSERT INTO `friendship` (`user_id`, `friend_id`, `status_id`, `requested_at`, `confirmed_at`) VALUES (83, 60, 3, '2007-12-25 02:44:00', '1984-05-05 06:19:34');
INSERT INTO `friendship` (`user_id`, `friend_id`, `status_id`, `requested_at`, `confirmed_at`) VALUES (84, 9, 4, '2000-01-02 01:04:01', '1997-09-17 13:08:24');
INSERT INTO `friendship` (`user_id`, `friend_id`, `status_id`, `requested_at`, `confirmed_at`) VALUES (85, 11, 5, '1971-12-01 15:10:48', '1974-08-20 00:48:11');
INSERT INTO `friendship` (`user_id`, `friend_id`, `status_id`, `requested_at`, `confirmed_at`) VALUES (86, 41, 1, '1989-01-29 23:16:31', '2013-01-20 08:49:20');
INSERT INTO `friendship` (`user_id`, `friend_id`, `status_id`, `requested_at`, `confirmed_at`) VALUES (87, 19, 2, '1975-10-13 13:58:01', '1977-11-08 11:14:32');
INSERT INTO `friendship` (`user_id`, `friend_id`, `status_id`, `requested_at`, `confirmed_at`) VALUES (88, 57, 3, '1993-09-05 10:25:12', '2001-06-19 14:02:26');
INSERT INTO `friendship` (`user_id`, `friend_id`, `status_id`, `requested_at`, `confirmed_at`) VALUES (89, 31, 4, '1998-04-16 12:12:40', '2018-08-16 18:14:25');
INSERT INTO `friendship` (`user_id`, `friend_id`, `status_id`, `requested_at`, `confirmed_at`) VALUES (90, 17, 5, '2007-11-07 04:44:39', '1985-09-26 20:58:23');
INSERT INTO `friendship` (`user_id`, `friend_id`, `status_id`, `requested_at`, `confirmed_at`) VALUES (91, 81, 1, '1975-10-11 16:19:03', '1981-09-08 00:23:20');
INSERT INTO `friendship` (`user_id`, `friend_id`, `status_id`, `requested_at`, `confirmed_at`) VALUES (92, 51, 2, '1993-05-02 05:38:49', '1975-05-30 02:30:17');
INSERT INTO `friendship` (`user_id`, `friend_id`, `status_id`, `requested_at`, `confirmed_at`) VALUES (93, 7, 3, '2014-01-14 18:15:42', '1975-01-14 14:36:16');
INSERT INTO `friendship` (`user_id`, `friend_id`, `status_id`, `requested_at`, `confirmed_at`) VALUES (94, 56, 4, '2018-08-05 19:44:26', '1997-09-03 02:46:34');
INSERT INTO `friendship` (`user_id`, `friend_id`, `status_id`, `requested_at`, `confirmed_at`) VALUES (95, 80, 5, '2002-11-04 19:29:39', '1987-05-09 11:23:09');
INSERT INTO `friendship` (`user_id`, `friend_id`, `status_id`, `requested_at`, `confirmed_at`) VALUES (96, 72, 1, '1974-01-04 22:19:39', '2005-03-03 05:05:32');
INSERT INTO `friendship` (`user_id`, `friend_id`, `status_id`, `requested_at`, `confirmed_at`) VALUES (97, 33, 2, '2010-10-02 17:25:14', '2002-05-01 05:37:58');
INSERT INTO `friendship` (`user_id`, `friend_id`, `status_id`, `requested_at`, `confirmed_at`) VALUES (98, 86, 3, '1993-11-30 04:34:21', '1999-05-03 21:29:10');
INSERT INTO `friendship` (`user_id`, `friend_id`, `status_id`, `requested_at`, `confirmed_at`) VALUES (99, 88, 4, '1991-10-25 04:42:15', '2006-09-21 03:32:21');
INSERT INTO `friendship` (`user_id`, `friend_id`, `status_id`, `requested_at`, `confirmed_at`) VALUES (100, 75, 5, '1988-02-21 15:47:24', '1996-11-17 16:11:12');


#
# TABLE STRUCTURE FOR: friendship_status
#

DROP TABLE IF EXISTS `friendship_status`;

CREATE TABLE `friendship_status` (
  `id` int(10) unsigned NOT NULL AUTO_INCREMENT,
  `name` varchar(100) COLLATE utf8_unicode_ci NOT NULL,
  PRIMARY KEY (`id`),
  UNIQUE KEY `name` (`name`)
) ENGINE=InnoDB AUTO_INCREMENT=6 DEFAULT CHARSET=utf8 COLLATE=utf8_unicode_ci;

INSERT INTO `friendship_status` (`id`, `name`) VALUES (5, 'dolorum');
INSERT INTO `friendship_status` (`id`, `name`) VALUES (2, 'exercitationem');
INSERT INTO `friendship_status` (`id`, `name`) VALUES (3, 'iste');
INSERT INTO `friendship_status` (`id`, `name`) VALUES (4, 'occaecati');
INSERT INTO `friendship_status` (`id`, `name`) VALUES (1, 'veritatis');


#
# TABLE STRUCTURE FOR: media
#

DROP TABLE IF EXISTS `media`;

CREATE TABLE `media` (
  `id` int(10) unsigned NOT NULL AUTO_INCREMENT,
  `media_type_id` int(10) unsigned NOT NULL,
  `user_id` int(10) unsigned NOT NULL,
  `filename` varchar(255) COLLATE utf8_unicode_ci NOT NULL,
  `size` int(11) NOT NULL,
  `metadata` longtext CHARACTER SET utf8mb4 COLLATE utf8mb4_bin DEFAULT NULL,
  `created_at` datetime DEFAULT current_timestamp(),
  `updated_at` datetime DEFAULT current_timestamp() ON UPDATE current_timestamp(),
  PRIMARY KEY (`id`)
) ENGINE=InnoDB AUTO_INCREMENT=301 DEFAULT CHARSET=utf8 COLLATE=utf8_unicode_ci;

INSERT INTO `media` (`id`, `media_type_id`, `user_id`, `filename`, `size`, `metadata`, `created_at`, `updated_at`) VALUES (1, 1, 1, 'tenetur', 323055337, 'a', '1997-08-19 12:54:21', '1972-01-19 20:33:07');
INSERT INTO `media` (`id`, `media_type_id`, `user_id`, `filename`, `size`, `metadata`, `created_at`, `updated_at`) VALUES (2, 2, 2, 'porro', 419, 'a', '1981-08-13 10:16:25', '2002-11-13 15:34:18');
INSERT INTO `media` (`id`, `media_type_id`, `user_id`, `filename`, `size`, `metadata`, `created_at`, `updated_at`) VALUES (3, 3, 3, 'veritatis', 11007490, 'd', '2015-06-30 12:16:59', '1977-08-01 11:00:01');
INSERT INTO `media` (`id`, `media_type_id`, `user_id`, `filename`, `size`, `metadata`, `created_at`, `updated_at`) VALUES (4, 4, 4, 'dignissimos', 552178967, 'c', '2001-08-06 16:30:50', '1986-05-20 12:45:41');
INSERT INTO `media` (`id`, `media_type_id`, `user_id`, `filename`, `size`, `metadata`, `created_at`, `updated_at`) VALUES (5, 5, 5, 'doloremque', 884476, 'c', '2010-06-10 12:26:08', '1978-04-20 09:36:21');
INSERT INTO `media` (`id`, `media_type_id`, `user_id`, `filename`, `size`, `metadata`, `created_at`, `updated_at`) VALUES (6, 1, 6, 'et', 387784837, 'd', '1988-07-16 10:38:22', '1981-01-07 05:57:25');
INSERT INTO `media` (`id`, `media_type_id`, `user_id`, `filename`, `size`, `metadata`, `created_at`, `updated_at`) VALUES (7, 2, 7, 'et', 231314338, 'd', '1986-11-05 08:52:08', '1994-05-29 02:49:33');
INSERT INTO `media` (`id`, `media_type_id`, `user_id`, `filename`, `size`, `metadata`, `created_at`, `updated_at`) VALUES (8, 3, 8, 'enim', 88464684, 'a', '1994-03-04 23:54:20', '1986-06-01 19:25:39');
INSERT INTO `media` (`id`, `media_type_id`, `user_id`, `filename`, `size`, `metadata`, `created_at`, `updated_at`) VALUES (9, 4, 9, 'repudiandae', 60727, 'a', '2012-01-31 16:29:03', '2001-03-26 00:42:44');
INSERT INTO `media` (`id`, `media_type_id`, `user_id`, `filename`, `size`, `metadata`, `created_at`, `updated_at`) VALUES (10, 5, 10, 'ad', 150, 'b', '2018-08-26 03:03:24', '1990-08-12 10:23:53');
INSERT INTO `media` (`id`, `media_type_id`, `user_id`, `filename`, `size`, `metadata`, `created_at`, `updated_at`) VALUES (11, 1, 11, 'non', 489781986, 'b', '1971-05-24 03:46:38', '1973-08-17 23:12:13');
INSERT INTO `media` (`id`, `media_type_id`, `user_id`, `filename`, `size`, `metadata`, `created_at`, `updated_at`) VALUES (12, 2, 12, 'quia', 9, 'a', '2000-05-04 23:39:56', '1982-10-20 18:59:29');
INSERT INTO `media` (`id`, `media_type_id`, `user_id`, `filename`, `size`, `metadata`, `created_at`, `updated_at`) VALUES (13, 3, 13, 'culpa', 967913, 'd', '1994-12-21 16:10:32', '1979-10-31 07:09:50');
INSERT INTO `media` (`id`, `media_type_id`, `user_id`, `filename`, `size`, `metadata`, `created_at`, `updated_at`) VALUES (14, 4, 14, 'mollitia', 550, 'c', '2011-05-09 23:37:22', '1978-03-02 04:03:29');
INSERT INTO `media` (`id`, `media_type_id`, `user_id`, `filename`, `size`, `metadata`, `created_at`, `updated_at`) VALUES (15, 5, 15, 'aut', 597588, 'b', '1973-04-16 14:07:56', '1970-09-22 15:07:33');
INSERT INTO `media` (`id`, `media_type_id`, `user_id`, `filename`, `size`, `metadata`, `created_at`, `updated_at`) VALUES (16, 1, 16, 'velit', 833, 'c', '2015-01-30 03:38:11', '1971-03-07 07:00:34');
INSERT INTO `media` (`id`, `media_type_id`, `user_id`, `filename`, `size`, `metadata`, `created_at`, `updated_at`) VALUES (17, 2, 17, 'fuga', 31, 'c', '2008-09-13 00:04:27', '1989-04-21 13:48:36');
INSERT INTO `media` (`id`, `media_type_id`, `user_id`, `filename`, `size`, `metadata`, `created_at`, `updated_at`) VALUES (18, 3, 18, 'ut', 0, 'a', '1983-07-06 21:50:56', '1988-03-11 05:43:31');
INSERT INTO `media` (`id`, `media_type_id`, `user_id`, `filename`, `size`, `metadata`, `created_at`, `updated_at`) VALUES (19, 4, 19, 'omnis', 34, 'a', '2006-06-27 12:26:04', '1992-05-14 08:23:26');
INSERT INTO `media` (`id`, `media_type_id`, `user_id`, `filename`, `size`, `metadata`, `created_at`, `updated_at`) VALUES (20, 5, 20, 'accusamus', 197, 'b', '2014-01-29 01:19:39', '2009-01-25 10:30:58');
INSERT INTO `media` (`id`, `media_type_id`, `user_id`, `filename`, `size`, `metadata`, `created_at`, `updated_at`) VALUES (21, 1, 21, 'omnis', 20619, 'c', '1999-03-09 15:18:34', '1982-06-01 11:34:17');
INSERT INTO `media` (`id`, `media_type_id`, `user_id`, `filename`, `size`, `metadata`, `created_at`, `updated_at`) VALUES (22, 2, 22, 'aliquid', 63734, 'a', '1985-04-11 03:46:59', '1991-09-04 23:13:33');
INSERT INTO `media` (`id`, `media_type_id`, `user_id`, `filename`, `size`, `metadata`, `created_at`, `updated_at`) VALUES (23, 3, 23, 'et', 44130, 'b', '2013-07-30 14:14:13', '2009-11-15 05:16:10');
INSERT INTO `media` (`id`, `media_type_id`, `user_id`, `filename`, `size`, `metadata`, `created_at`, `updated_at`) VALUES (24, 4, 24, 'omnis', 4, 'a', '1974-03-08 16:19:29', '1984-08-20 06:26:07');
INSERT INTO `media` (`id`, `media_type_id`, `user_id`, `filename`, `size`, `metadata`, `created_at`, `updated_at`) VALUES (25, 5, 25, 'fugiat', 896756656, 'd', '1977-08-19 13:54:26', '2011-11-09 22:04:19');
INSERT INTO `media` (`id`, `media_type_id`, `user_id`, `filename`, `size`, `metadata`, `created_at`, `updated_at`) VALUES (26, 1, 26, 'et', 75176142, 'c', '2005-04-16 08:07:58', '1999-06-22 02:33:59');
INSERT INTO `media` (`id`, `media_type_id`, `user_id`, `filename`, `size`, `metadata`, `created_at`, `updated_at`) VALUES (27, 2, 27, 'rerum', 20514, 'd', '1992-10-20 16:05:45', '2006-05-02 11:31:38');
INSERT INTO `media` (`id`, `media_type_id`, `user_id`, `filename`, `size`, `metadata`, `created_at`, `updated_at`) VALUES (28, 3, 28, 'quo', 370, 'c', '2017-12-05 02:23:49', '1998-12-21 09:52:15');
INSERT INTO `media` (`id`, `media_type_id`, `user_id`, `filename`, `size`, `metadata`, `created_at`, `updated_at`) VALUES (29, 4, 29, 'delectus', 18667060, 'd', '1981-04-01 21:12:30', '1996-02-10 21:11:43');
INSERT INTO `media` (`id`, `media_type_id`, `user_id`, `filename`, `size`, `metadata`, `created_at`, `updated_at`) VALUES (30, 5, 30, 'repellat', 900, 'd', '2011-12-02 14:10:08', '1979-05-14 06:07:09');
INSERT INTO `media` (`id`, `media_type_id`, `user_id`, `filename`, `size`, `metadata`, `created_at`, `updated_at`) VALUES (31, 1, 31, 'sint', 42, 'd', '2010-07-04 17:28:38', '1980-04-11 08:29:05');
INSERT INTO `media` (`id`, `media_type_id`, `user_id`, `filename`, `size`, `metadata`, `created_at`, `updated_at`) VALUES (32, 2, 32, 'blanditiis', 993954811, 'a', '2015-11-17 21:51:17', '1985-04-05 05:58:23');
INSERT INTO `media` (`id`, `media_type_id`, `user_id`, `filename`, `size`, `metadata`, `created_at`, `updated_at`) VALUES (33, 3, 33, 'minus', 6690624, 'd', '1971-12-14 13:31:10', '2000-06-17 02:51:59');
INSERT INTO `media` (`id`, `media_type_id`, `user_id`, `filename`, `size`, `metadata`, `created_at`, `updated_at`) VALUES (34, 4, 34, 'perferendis', 95437, 'c', '1988-01-04 14:58:36', '1987-03-02 07:38:13');
INSERT INTO `media` (`id`, `media_type_id`, `user_id`, `filename`, `size`, `metadata`, `created_at`, `updated_at`) VALUES (35, 5, 35, 'aut', 1289433, 'a', '2014-03-24 11:08:03', '2004-11-14 12:40:15');
INSERT INTO `media` (`id`, `media_type_id`, `user_id`, `filename`, `size`, `metadata`, `created_at`, `updated_at`) VALUES (36, 1, 36, 'ab', 1475701, 'd', '2001-12-25 03:26:57', '1997-09-25 20:51:20');
INSERT INTO `media` (`id`, `media_type_id`, `user_id`, `filename`, `size`, `metadata`, `created_at`, `updated_at`) VALUES (37, 2, 37, 'et', 0, 'b', '1982-07-17 05:51:47', '1973-08-10 17:44:40');
INSERT INTO `media` (`id`, `media_type_id`, `user_id`, `filename`, `size`, `metadata`, `created_at`, `updated_at`) VALUES (38, 3, 38, 'ab', 96516, 'c', '1982-01-06 07:36:06', '2015-11-26 09:07:12');
INSERT INTO `media` (`id`, `media_type_id`, `user_id`, `filename`, `size`, `metadata`, `created_at`, `updated_at`) VALUES (39, 4, 39, 'molestiae', 726715183, 'c', '2002-06-28 05:59:54', '2014-03-30 09:18:22');
INSERT INTO `media` (`id`, `media_type_id`, `user_id`, `filename`, `size`, `metadata`, `created_at`, `updated_at`) VALUES (40, 5, 40, 'sit', 54596461, 'a', '2016-03-04 17:38:28', '1990-09-23 15:23:40');
INSERT INTO `media` (`id`, `media_type_id`, `user_id`, `filename`, `size`, `metadata`, `created_at`, `updated_at`) VALUES (41, 1, 41, 'et', 85, 'c', '2015-06-13 16:11:20', '2002-10-21 16:10:51');
INSERT INTO `media` (`id`, `media_type_id`, `user_id`, `filename`, `size`, `metadata`, `created_at`, `updated_at`) VALUES (42, 2, 42, 'dolor', 448, 'b', '1997-03-30 23:28:47', '1986-09-16 21:06:18');
INSERT INTO `media` (`id`, `media_type_id`, `user_id`, `filename`, `size`, `metadata`, `created_at`, `updated_at`) VALUES (43, 3, 43, 'asperiores', 9688, 'a', '2000-03-21 14:39:09', '1991-11-28 11:51:26');
INSERT INTO `media` (`id`, `media_type_id`, `user_id`, `filename`, `size`, `metadata`, `created_at`, `updated_at`) VALUES (44, 4, 44, 'ducimus', 4234814, 'b', '1980-08-13 15:37:57', '2015-06-19 03:14:28');
INSERT INTO `media` (`id`, `media_type_id`, `user_id`, `filename`, `size`, `metadata`, `created_at`, `updated_at`) VALUES (45, 5, 45, 'possimus', 0, 'd', '2010-02-08 22:20:10', '2018-11-10 05:45:44');
INSERT INTO `media` (`id`, `media_type_id`, `user_id`, `filename`, `size`, `metadata`, `created_at`, `updated_at`) VALUES (46, 1, 46, 'voluptas', 159, 'b', '1993-02-20 18:12:49', '2019-07-09 14:56:15');
INSERT INTO `media` (`id`, `media_type_id`, `user_id`, `filename`, `size`, `metadata`, `created_at`, `updated_at`) VALUES (47, 2, 47, 'assumenda', 6, 'b', '1981-11-09 17:07:31', '1991-07-15 04:04:31');
INSERT INTO `media` (`id`, `media_type_id`, `user_id`, `filename`, `size`, `metadata`, `created_at`, `updated_at`) VALUES (48, 3, 48, 'vel', 44771, 'd', '2010-04-13 08:14:05', '1979-08-11 16:51:24');
INSERT INTO `media` (`id`, `media_type_id`, `user_id`, `filename`, `size`, `metadata`, `created_at`, `updated_at`) VALUES (49, 4, 49, 'sed', 3, 'c', '2018-12-08 09:38:16', '1975-06-06 06:41:57');
INSERT INTO `media` (`id`, `media_type_id`, `user_id`, `filename`, `size`, `metadata`, `created_at`, `updated_at`) VALUES (50, 5, 50, 'autem', 8, 'd', '1986-08-25 20:29:29', '1974-02-22 03:59:51');
INSERT INTO `media` (`id`, `media_type_id`, `user_id`, `filename`, `size`, `metadata`, `created_at`, `updated_at`) VALUES (51, 1, 51, 'optio', 0, 'c', '1979-07-12 14:02:40', '1983-12-06 19:58:24');
INSERT INTO `media` (`id`, `media_type_id`, `user_id`, `filename`, `size`, `metadata`, `created_at`, `updated_at`) VALUES (52, 2, 52, 'consectetur', 8308001, 'b', '1983-11-02 12:36:58', '2014-06-08 05:11:52');
INSERT INTO `media` (`id`, `media_type_id`, `user_id`, `filename`, `size`, `metadata`, `created_at`, `updated_at`) VALUES (53, 3, 53, 'voluptatibus', 61508437, 'a', '2009-02-24 17:57:16', '1993-04-04 06:44:18');
INSERT INTO `media` (`id`, `media_type_id`, `user_id`, `filename`, `size`, `metadata`, `created_at`, `updated_at`) VALUES (54, 4, 54, 'culpa', 6073, 'a', '2014-09-12 13:43:55', '1983-09-16 13:20:56');
INSERT INTO `media` (`id`, `media_type_id`, `user_id`, `filename`, `size`, `metadata`, `created_at`, `updated_at`) VALUES (55, 5, 55, 'aliquam', 27, 'a', '2001-03-03 09:23:58', '1999-03-31 11:14:14');
INSERT INTO `media` (`id`, `media_type_id`, `user_id`, `filename`, `size`, `metadata`, `created_at`, `updated_at`) VALUES (56, 1, 56, 'ullam', 280408, 'c', '2010-06-26 15:26:31', '2012-07-31 13:52:22');
INSERT INTO `media` (`id`, `media_type_id`, `user_id`, `filename`, `size`, `metadata`, `created_at`, `updated_at`) VALUES (57, 2, 57, 'recusandae', 3332, 'a', '2005-10-27 10:49:25', '1975-12-09 21:19:32');
INSERT INTO `media` (`id`, `media_type_id`, `user_id`, `filename`, `size`, `metadata`, `created_at`, `updated_at`) VALUES (58, 3, 58, 'excepturi', 9837, 'a', '1978-01-30 00:58:39', '2005-12-27 13:09:36');
INSERT INTO `media` (`id`, `media_type_id`, `user_id`, `filename`, `size`, `metadata`, `created_at`, `updated_at`) VALUES (59, 4, 59, 'aperiam', 753231652, 'c', '1994-09-20 02:24:30', '1977-03-19 01:44:17');
INSERT INTO `media` (`id`, `media_type_id`, `user_id`, `filename`, `size`, `metadata`, `created_at`, `updated_at`) VALUES (60, 5, 60, 'in', 74927716, 'a', '1984-10-16 12:04:25', '1987-03-26 06:31:21');
INSERT INTO `media` (`id`, `media_type_id`, `user_id`, `filename`, `size`, `metadata`, `created_at`, `updated_at`) VALUES (61, 1, 61, 'voluptatem', 42809, 'c', '2017-06-20 05:29:57', '1988-02-04 10:25:44');
INSERT INTO `media` (`id`, `media_type_id`, `user_id`, `filename`, `size`, `metadata`, `created_at`, `updated_at`) VALUES (62, 2, 62, 'est', 0, 'd', '2008-03-29 09:16:48', '1988-05-18 07:12:30');
INSERT INTO `media` (`id`, `media_type_id`, `user_id`, `filename`, `size`, `metadata`, `created_at`, `updated_at`) VALUES (63, 3, 63, 'quia', 5, 'c', '1994-02-20 01:00:13', '1988-09-28 04:48:43');
INSERT INTO `media` (`id`, `media_type_id`, `user_id`, `filename`, `size`, `metadata`, `created_at`, `updated_at`) VALUES (64, 4, 64, 'tenetur', 0, 'd', '2012-07-11 20:02:53', '2006-03-29 16:07:35');
INSERT INTO `media` (`id`, `media_type_id`, `user_id`, `filename`, `size`, `metadata`, `created_at`, `updated_at`) VALUES (65, 5, 65, 'sed', 4, 'd', '2011-03-01 04:51:33', '1976-03-28 02:42:50');
INSERT INTO `media` (`id`, `media_type_id`, `user_id`, `filename`, `size`, `metadata`, `created_at`, `updated_at`) VALUES (66, 1, 66, 'dolores', 2114912, 'a', '1974-08-05 03:31:25', '1974-02-18 15:40:00');
INSERT INTO `media` (`id`, `media_type_id`, `user_id`, `filename`, `size`, `metadata`, `created_at`, `updated_at`) VALUES (67, 2, 67, 'sit', 42, 'c', '2012-12-14 20:39:53', '1990-06-28 14:14:01');
INSERT INTO `media` (`id`, `media_type_id`, `user_id`, `filename`, `size`, `metadata`, `created_at`, `updated_at`) VALUES (68, 3, 68, 'ut', 77039204, 'a', '1978-08-16 09:35:02', '2006-06-03 12:28:14');
INSERT INTO `media` (`id`, `media_type_id`, `user_id`, `filename`, `size`, `metadata`, `created_at`, `updated_at`) VALUES (69, 4, 69, 'omnis', 78776, 'c', '2009-01-07 07:52:15', '2006-08-23 19:15:08');
INSERT INTO `media` (`id`, `media_type_id`, `user_id`, `filename`, `size`, `metadata`, `created_at`, `updated_at`) VALUES (70, 5, 70, 'asperiores', 99, 'a', '1975-05-30 03:32:37', '2018-05-28 04:29:01');
INSERT INTO `media` (`id`, `media_type_id`, `user_id`, `filename`, `size`, `metadata`, `created_at`, `updated_at`) VALUES (71, 1, 71, 'quis', 551153, 'a', '1986-03-10 07:34:21', '2013-03-22 04:31:17');
INSERT INTO `media` (`id`, `media_type_id`, `user_id`, `filename`, `size`, `metadata`, `created_at`, `updated_at`) VALUES (72, 2, 72, 'qui', 2681024, 'a', '1989-05-11 00:19:51', '2008-12-03 19:26:51');
INSERT INTO `media` (`id`, `media_type_id`, `user_id`, `filename`, `size`, `metadata`, `created_at`, `updated_at`) VALUES (73, 3, 73, 'debitis', 0, 'd', '1986-08-04 14:03:02', '1999-12-02 00:14:25');
INSERT INTO `media` (`id`, `media_type_id`, `user_id`, `filename`, `size`, `metadata`, `created_at`, `updated_at`) VALUES (74, 4, 74, 'voluptatem', 5108235, 'b', '2011-12-18 02:08:12', '1984-07-07 18:03:45');
INSERT INTO `media` (`id`, `media_type_id`, `user_id`, `filename`, `size`, `metadata`, `created_at`, `updated_at`) VALUES (75, 5, 75, 'aut', 30947905, 'c', '2007-02-17 02:49:56', '1997-03-20 09:39:51');
INSERT INTO `media` (`id`, `media_type_id`, `user_id`, `filename`, `size`, `metadata`, `created_at`, `updated_at`) VALUES (76, 1, 76, 'ducimus', 164, 'a', '1982-06-03 16:44:53', '2015-08-01 21:02:23');
INSERT INTO `media` (`id`, `media_type_id`, `user_id`, `filename`, `size`, `metadata`, `created_at`, `updated_at`) VALUES (77, 2, 77, 'iure', 802, 'b', '1996-01-10 09:01:24', '2008-10-06 07:08:22');
INSERT INTO `media` (`id`, `media_type_id`, `user_id`, `filename`, `size`, `metadata`, `created_at`, `updated_at`) VALUES (78, 3, 78, 'ut', 245, 'a', '1999-06-08 23:22:32', '1975-06-14 04:39:33');
INSERT INTO `media` (`id`, `media_type_id`, `user_id`, `filename`, `size`, `metadata`, `created_at`, `updated_at`) VALUES (79, 4, 79, 'ipsam', 71991547, 'c', '2006-01-23 07:53:36', '1981-04-15 15:25:47');
INSERT INTO `media` (`id`, `media_type_id`, `user_id`, `filename`, `size`, `metadata`, `created_at`, `updated_at`) VALUES (80, 5, 80, 'quis', 85664, 'c', '2002-09-14 18:18:12', '2018-10-27 16:49:42');
INSERT INTO `media` (`id`, `media_type_id`, `user_id`, `filename`, `size`, `metadata`, `created_at`, `updated_at`) VALUES (81, 1, 81, 'repellendus', 5, 'd', '1987-05-11 11:10:29', '1979-12-03 12:27:47');
INSERT INTO `media` (`id`, `media_type_id`, `user_id`, `filename`, `size`, `metadata`, `created_at`, `updated_at`) VALUES (82, 2, 82, 'porro', 87116, 'c', '1970-08-29 06:03:48', '1993-09-21 03:36:33');
INSERT INTO `media` (`id`, `media_type_id`, `user_id`, `filename`, `size`, `metadata`, `created_at`, `updated_at`) VALUES (83, 3, 83, 'velit', 7677, 'b', '1990-03-15 15:40:42', '1971-09-17 20:02:54');
INSERT INTO `media` (`id`, `media_type_id`, `user_id`, `filename`, `size`, `metadata`, `created_at`, `updated_at`) VALUES (84, 4, 84, 'quae', 539666896, 'a', '2002-01-16 04:23:24', '2017-03-24 23:49:26');
INSERT INTO `media` (`id`, `media_type_id`, `user_id`, `filename`, `size`, `metadata`, `created_at`, `updated_at`) VALUES (85, 5, 85, 'assumenda', 5, 'c', '2008-06-28 16:25:04', '2003-12-14 22:38:26');
INSERT INTO `media` (`id`, `media_type_id`, `user_id`, `filename`, `size`, `metadata`, `created_at`, `updated_at`) VALUES (86, 1, 86, 'ad', 3591022, 'c', '2003-08-08 08:53:48', '2008-10-26 05:26:27');
INSERT INTO `media` (`id`, `media_type_id`, `user_id`, `filename`, `size`, `metadata`, `created_at`, `updated_at`) VALUES (87, 2, 87, 'neque', 0, 'c', '1977-08-01 13:03:27', '1993-12-02 09:24:52');
INSERT INTO `media` (`id`, `media_type_id`, `user_id`, `filename`, `size`, `metadata`, `created_at`, `updated_at`) VALUES (88, 3, 88, 'necessitatibus', 243110786, 'b', '2009-12-25 03:25:23', '2016-12-04 22:43:27');
INSERT INTO `media` (`id`, `media_type_id`, `user_id`, `filename`, `size`, `metadata`, `created_at`, `updated_at`) VALUES (89, 4, 89, 'sed', 85, 'c', '1970-01-08 17:49:59', '1986-08-29 16:39:41');
INSERT INTO `media` (`id`, `media_type_id`, `user_id`, `filename`, `size`, `metadata`, `created_at`, `updated_at`) VALUES (90, 5, 90, 'quo', 8450, 'c', '1999-12-03 09:15:09', '2003-08-04 13:22:35');
INSERT INTO `media` (`id`, `media_type_id`, `user_id`, `filename`, `size`, `metadata`, `created_at`, `updated_at`) VALUES (91, 1, 91, 'aut', 1, 'b', '1994-03-31 03:55:34', '2003-10-21 08:21:22');
INSERT INTO `media` (`id`, `media_type_id`, `user_id`, `filename`, `size`, `metadata`, `created_at`, `updated_at`) VALUES (92, 2, 92, 'eaque', 0, 'a', '1971-10-29 13:34:40', '2009-05-13 20:23:37');
INSERT INTO `media` (`id`, `media_type_id`, `user_id`, `filename`, `size`, `metadata`, `created_at`, `updated_at`) VALUES (93, 3, 93, 'maiores', 633129, 'b', '2004-04-12 14:14:09', '2009-08-11 12:16:18');
INSERT INTO `media` (`id`, `media_type_id`, `user_id`, `filename`, `size`, `metadata`, `created_at`, `updated_at`) VALUES (94, 4, 94, 'accusamus', 1, 'a', '1974-04-22 15:15:12', '1984-05-11 22:00:54');
INSERT INTO `media` (`id`, `media_type_id`, `user_id`, `filename`, `size`, `metadata`, `created_at`, `updated_at`) VALUES (95, 5, 95, 'sit', 77239118, 'b', '1975-09-20 14:36:15', '2008-11-15 04:35:38');
INSERT INTO `media` (`id`, `media_type_id`, `user_id`, `filename`, `size`, `metadata`, `created_at`, `updated_at`) VALUES (96, 1, 96, 'voluptatibus', 6734910, 'd', '1977-10-07 21:57:07', '1970-01-20 15:29:39');
INSERT INTO `media` (`id`, `media_type_id`, `user_id`, `filename`, `size`, `metadata`, `created_at`, `updated_at`) VALUES (97, 2, 97, 'consequuntur', 1, 'd', '2014-11-12 07:39:48', '1995-06-22 09:04:39');
INSERT INTO `media` (`id`, `media_type_id`, `user_id`, `filename`, `size`, `metadata`, `created_at`, `updated_at`) VALUES (98, 3, 98, 'sed', 21, 'a', '2005-12-15 19:32:05', '2016-06-18 09:07:34');
INSERT INTO `media` (`id`, `media_type_id`, `user_id`, `filename`, `size`, `metadata`, `created_at`, `updated_at`) VALUES (99, 4, 99, 'quod', 2842, 'b', '1971-02-19 16:21:14', '1982-04-29 21:04:51');
INSERT INTO `media` (`id`, `media_type_id`, `user_id`, `filename`, `size`, `metadata`, `created_at`, `updated_at`) VALUES (100, 5, 100, 'odit', 13659485, 'b', '1996-09-27 21:51:20', '2004-09-13 08:12:58');
INSERT INTO `media` (`id`, `media_type_id`, `user_id`, `filename`, `size`, `metadata`, `created_at`, `updated_at`) VALUES (101, 1, 1, 'tempore', 83, 'c', '1992-10-13 16:02:46', '1972-07-22 00:08:30');
INSERT INTO `media` (`id`, `media_type_id`, `user_id`, `filename`, `size`, `metadata`, `created_at`, `updated_at`) VALUES (102, 2, 2, 'dolorum', 3774, 'b', '2018-08-16 19:13:25', '2007-06-04 10:05:52');
INSERT INTO `media` (`id`, `media_type_id`, `user_id`, `filename`, `size`, `metadata`, `created_at`, `updated_at`) VALUES (103, 3, 3, 'amet', 624, 'a', '1985-04-15 17:18:01', '1973-07-26 17:09:42');
INSERT INTO `media` (`id`, `media_type_id`, `user_id`, `filename`, `size`, `metadata`, `created_at`, `updated_at`) VALUES (104, 4, 4, 'iure', 58, 'd', '1984-10-29 21:20:14', '2008-08-06 21:33:30');
INSERT INTO `media` (`id`, `media_type_id`, `user_id`, `filename`, `size`, `metadata`, `created_at`, `updated_at`) VALUES (105, 5, 5, 'iste', 724, 'd', '1995-12-05 11:46:55', '2015-11-07 08:32:45');
INSERT INTO `media` (`id`, `media_type_id`, `user_id`, `filename`, `size`, `metadata`, `created_at`, `updated_at`) VALUES (106, 1, 6, 'ea', 31, 'a', '1990-03-21 02:07:43', '1972-10-07 22:54:28');
INSERT INTO `media` (`id`, `media_type_id`, `user_id`, `filename`, `size`, `metadata`, `created_at`, `updated_at`) VALUES (107, 2, 7, 'labore', 249042225, 'c', '2000-09-11 01:18:47', '1978-03-27 12:25:44');
INSERT INTO `media` (`id`, `media_type_id`, `user_id`, `filename`, `size`, `metadata`, `created_at`, `updated_at`) VALUES (108, 3, 8, 'quisquam', 7544843, 'b', '2009-12-15 14:01:18', '1997-01-12 22:35:14');
INSERT INTO `media` (`id`, `media_type_id`, `user_id`, `filename`, `size`, `metadata`, `created_at`, `updated_at`) VALUES (109, 4, 9, 'perspiciatis', 24595263, 'c', '2009-06-02 11:05:47', '2013-07-21 18:30:39');
INSERT INTO `media` (`id`, `media_type_id`, `user_id`, `filename`, `size`, `metadata`, `created_at`, `updated_at`) VALUES (110, 5, 10, 'qui', 170390, 'a', '2002-06-10 04:54:18', '1992-06-03 23:22:55');
INSERT INTO `media` (`id`, `media_type_id`, `user_id`, `filename`, `size`, `metadata`, `created_at`, `updated_at`) VALUES (111, 1, 11, 'ullam', 7731, 'a', '1974-03-04 02:19:28', '1997-11-20 02:59:58');
INSERT INTO `media` (`id`, `media_type_id`, `user_id`, `filename`, `size`, `metadata`, `created_at`, `updated_at`) VALUES (112, 2, 12, 'deleniti', 372107491, 'b', '1971-10-07 18:04:54', '1989-01-07 03:05:54');
INSERT INTO `media` (`id`, `media_type_id`, `user_id`, `filename`, `size`, `metadata`, `created_at`, `updated_at`) VALUES (113, 3, 13, 'natus', 154, 'b', '2016-02-13 22:06:43', '1999-11-14 23:59:49');
INSERT INTO `media` (`id`, `media_type_id`, `user_id`, `filename`, `size`, `metadata`, `created_at`, `updated_at`) VALUES (114, 4, 14, 'similique', 5883452, 'd', '1985-04-07 20:27:03', '2004-09-24 14:40:17');
INSERT INTO `media` (`id`, `media_type_id`, `user_id`, `filename`, `size`, `metadata`, `created_at`, `updated_at`) VALUES (115, 5, 15, 'doloremque', 6, 'a', '1979-11-07 06:46:02', '1987-02-18 19:48:05');
INSERT INTO `media` (`id`, `media_type_id`, `user_id`, `filename`, `size`, `metadata`, `created_at`, `updated_at`) VALUES (116, 1, 16, 'optio', 99423776, 'b', '2005-02-24 16:59:23', '2016-10-17 14:52:25');
INSERT INTO `media` (`id`, `media_type_id`, `user_id`, `filename`, `size`, `metadata`, `created_at`, `updated_at`) VALUES (117, 2, 17, 'consequatur', 7, 'd', '1989-01-05 16:09:04', '2006-09-30 07:01:23');
INSERT INTO `media` (`id`, `media_type_id`, `user_id`, `filename`, `size`, `metadata`, `created_at`, `updated_at`) VALUES (118, 3, 18, 'nesciunt', 60430422, 'd', '2002-08-08 05:17:49', '1995-05-26 04:46:37');
INSERT INTO `media` (`id`, `media_type_id`, `user_id`, `filename`, `size`, `metadata`, `created_at`, `updated_at`) VALUES (119, 4, 19, 'aut', 53518, 'a', '1988-08-31 09:05:25', '1986-02-21 17:45:54');
INSERT INTO `media` (`id`, `media_type_id`, `user_id`, `filename`, `size`, `metadata`, `created_at`, `updated_at`) VALUES (120, 5, 20, 'laudantium', 975842, 'a', '1984-02-23 09:30:43', '1974-07-12 01:12:08');
INSERT INTO `media` (`id`, `media_type_id`, `user_id`, `filename`, `size`, `metadata`, `created_at`, `updated_at`) VALUES (121, 1, 21, 'voluptatem', 61, 'a', '1981-01-17 03:37:35', '1976-08-02 00:04:03');
INSERT INTO `media` (`id`, `media_type_id`, `user_id`, `filename`, `size`, `metadata`, `created_at`, `updated_at`) VALUES (122, 2, 22, 'autem', 545, 'd', '2004-04-01 12:48:58', '2013-03-28 23:31:44');
INSERT INTO `media` (`id`, `media_type_id`, `user_id`, `filename`, `size`, `metadata`, `created_at`, `updated_at`) VALUES (123, 3, 23, 'sed', 331, 'a', '1970-08-10 19:24:33', '2005-11-21 05:50:29');
INSERT INTO `media` (`id`, `media_type_id`, `user_id`, `filename`, `size`, `metadata`, `created_at`, `updated_at`) VALUES (124, 4, 24, 'nam', 2, 'b', '2019-09-19 00:37:43', '2009-07-13 08:25:57');
INSERT INTO `media` (`id`, `media_type_id`, `user_id`, `filename`, `size`, `metadata`, `created_at`, `updated_at`) VALUES (125, 5, 25, 'omnis', 2, 'b', '1999-04-08 21:56:26', '1981-01-23 21:13:55');
INSERT INTO `media` (`id`, `media_type_id`, `user_id`, `filename`, `size`, `metadata`, `created_at`, `updated_at`) VALUES (126, 1, 26, 'in', 6847, 'a', '1973-02-25 04:45:08', '1987-01-19 03:27:51');
INSERT INTO `media` (`id`, `media_type_id`, `user_id`, `filename`, `size`, `metadata`, `created_at`, `updated_at`) VALUES (127, 2, 27, 'recusandae', 0, 'a', '2000-07-30 13:13:40', '1992-04-16 08:14:52');
INSERT INTO `media` (`id`, `media_type_id`, `user_id`, `filename`, `size`, `metadata`, `created_at`, `updated_at`) VALUES (128, 3, 28, 'et', 129659, 'd', '2016-06-26 01:08:13', '1979-09-22 19:26:42');
INSERT INTO `media` (`id`, `media_type_id`, `user_id`, `filename`, `size`, `metadata`, `created_at`, `updated_at`) VALUES (129, 4, 29, 'vel', 306290300, 'b', '2006-06-16 06:51:29', '1976-10-29 05:29:31');
INSERT INTO `media` (`id`, `media_type_id`, `user_id`, `filename`, `size`, `metadata`, `created_at`, `updated_at`) VALUES (130, 5, 30, 'doloremque', 82555, 'c', '2007-04-09 17:46:22', '1989-08-20 04:04:31');
INSERT INTO `media` (`id`, `media_type_id`, `user_id`, `filename`, `size`, `metadata`, `created_at`, `updated_at`) VALUES (131, 1, 31, 'voluptatem', 1, 'a', '1971-02-28 11:12:06', '2018-06-26 10:03:41');
INSERT INTO `media` (`id`, `media_type_id`, `user_id`, `filename`, `size`, `metadata`, `created_at`, `updated_at`) VALUES (132, 2, 32, 'repellat', 0, 'b', '1977-06-18 00:19:49', '2007-11-14 07:26:33');
INSERT INTO `media` (`id`, `media_type_id`, `user_id`, `filename`, `size`, `metadata`, `created_at`, `updated_at`) VALUES (133, 3, 33, 'commodi', 199, 'd', '1997-06-23 11:18:02', '1986-12-30 11:04:51');
INSERT INTO `media` (`id`, `media_type_id`, `user_id`, `filename`, `size`, `metadata`, `created_at`, `updated_at`) VALUES (134, 4, 34, 'pariatur', 37596388, 'a', '2000-12-21 10:42:57', '1991-06-09 16:14:28');
INSERT INTO `media` (`id`, `media_type_id`, `user_id`, `filename`, `size`, `metadata`, `created_at`, `updated_at`) VALUES (135, 5, 35, 'et', 224, 'd', '1990-12-03 23:14:30', '2001-05-29 22:29:20');
INSERT INTO `media` (`id`, `media_type_id`, `user_id`, `filename`, `size`, `metadata`, `created_at`, `updated_at`) VALUES (136, 1, 36, 'quis', 720964, 'd', '1985-01-12 22:53:34', '1991-08-09 04:44:26');
INSERT INTO `media` (`id`, `media_type_id`, `user_id`, `filename`, `size`, `metadata`, `created_at`, `updated_at`) VALUES (137, 2, 37, 'commodi', 8480683, 'd', '1991-05-21 14:10:22', '2007-12-05 20:14:22');
INSERT INTO `media` (`id`, `media_type_id`, `user_id`, `filename`, `size`, `metadata`, `created_at`, `updated_at`) VALUES (138, 3, 38, 'ea', 0, 'd', '1981-10-04 06:45:13', '1972-02-13 09:51:27');
INSERT INTO `media` (`id`, `media_type_id`, `user_id`, `filename`, `size`, `metadata`, `created_at`, `updated_at`) VALUES (139, 4, 39, 'perferendis', 99973021, 'b', '2015-06-12 10:50:41', '2010-12-26 11:46:13');
INSERT INTO `media` (`id`, `media_type_id`, `user_id`, `filename`, `size`, `metadata`, `created_at`, `updated_at`) VALUES (140, 5, 40, 'sapiente', 128307, 'c', '1976-07-02 00:28:25', '1991-10-22 10:48:27');
INSERT INTO `media` (`id`, `media_type_id`, `user_id`, `filename`, `size`, `metadata`, `created_at`, `updated_at`) VALUES (141, 1, 41, 'quas', 0, 'c', '1995-01-23 03:39:48', '1983-04-10 04:59:24');
INSERT INTO `media` (`id`, `media_type_id`, `user_id`, `filename`, `size`, `metadata`, `created_at`, `updated_at`) VALUES (142, 2, 42, 'eos', 3451, 'c', '1979-09-09 20:32:45', '2014-09-19 07:11:34');
INSERT INTO `media` (`id`, `media_type_id`, `user_id`, `filename`, `size`, `metadata`, `created_at`, `updated_at`) VALUES (143, 3, 43, 'voluptas', 13, 'a', '1993-03-27 17:28:20', '1982-06-21 13:27:22');
INSERT INTO `media` (`id`, `media_type_id`, `user_id`, `filename`, `size`, `metadata`, `created_at`, `updated_at`) VALUES (144, 4, 44, 'facere', 87211, 'b', '1979-07-24 12:10:06', '1985-04-23 11:25:33');
INSERT INTO `media` (`id`, `media_type_id`, `user_id`, `filename`, `size`, `metadata`, `created_at`, `updated_at`) VALUES (145, 5, 45, 'voluptas', 5, 'd', '2000-03-04 01:44:24', '2008-05-13 04:13:51');
INSERT INTO `media` (`id`, `media_type_id`, `user_id`, `filename`, `size`, `metadata`, `created_at`, `updated_at`) VALUES (146, 1, 46, 'soluta', 30244078, 'b', '1977-11-19 08:35:19', '2010-06-09 15:55:19');
INSERT INTO `media` (`id`, `media_type_id`, `user_id`, `filename`, `size`, `metadata`, `created_at`, `updated_at`) VALUES (147, 2, 47, 'voluptatem', 0, 'a', '1977-11-19 09:31:48', '1970-04-30 07:12:47');
INSERT INTO `media` (`id`, `media_type_id`, `user_id`, `filename`, `size`, `metadata`, `created_at`, `updated_at`) VALUES (148, 3, 48, 'necessitatibus', 340, 'b', '1970-01-21 12:38:24', '2017-05-30 15:02:42');
INSERT INTO `media` (`id`, `media_type_id`, `user_id`, `filename`, `size`, `metadata`, `created_at`, `updated_at`) VALUES (149, 4, 49, 'eligendi', 82, 'd', '1993-01-17 00:11:43', '1970-02-25 07:35:12');
INSERT INTO `media` (`id`, `media_type_id`, `user_id`, `filename`, `size`, `metadata`, `created_at`, `updated_at`) VALUES (150, 5, 50, 'qui', 8933, 'd', '1991-09-07 07:23:42', '2003-10-27 07:48:50');
INSERT INTO `media` (`id`, `media_type_id`, `user_id`, `filename`, `size`, `metadata`, `created_at`, `updated_at`) VALUES (151, 1, 51, 'aspernatur', 8615962, 'c', '1979-10-09 09:55:15', '2008-01-04 03:35:41');
INSERT INTO `media` (`id`, `media_type_id`, `user_id`, `filename`, `size`, `metadata`, `created_at`, `updated_at`) VALUES (152, 2, 52, 'quis', 162106, 'a', '2001-06-18 12:58:07', '2004-03-17 17:09:29');
INSERT INTO `media` (`id`, `media_type_id`, `user_id`, `filename`, `size`, `metadata`, `created_at`, `updated_at`) VALUES (153, 3, 53, 'quia', 16, 'c', '2008-03-27 16:47:08', '2008-01-02 05:38:33');
INSERT INTO `media` (`id`, `media_type_id`, `user_id`, `filename`, `size`, `metadata`, `created_at`, `updated_at`) VALUES (154, 4, 54, 'rem', 0, 'd', '1991-01-20 23:03:41', '1999-07-20 13:51:08');
INSERT INTO `media` (`id`, `media_type_id`, `user_id`, `filename`, `size`, `metadata`, `created_at`, `updated_at`) VALUES (155, 5, 55, 'delectus', 93, 'c', '1995-07-06 12:21:36', '2016-12-17 06:01:10');
INSERT INTO `media` (`id`, `media_type_id`, `user_id`, `filename`, `size`, `metadata`, `created_at`, `updated_at`) VALUES (156, 1, 56, 'vel', 749747673, 'c', '1974-04-24 19:40:43', '2001-03-27 13:11:22');
INSERT INTO `media` (`id`, `media_type_id`, `user_id`, `filename`, `size`, `metadata`, `created_at`, `updated_at`) VALUES (157, 2, 57, 'sed', 414182186, 'd', '1977-12-03 06:13:42', '2008-05-23 00:00:05');
INSERT INTO `media` (`id`, `media_type_id`, `user_id`, `filename`, `size`, `metadata`, `created_at`, `updated_at`) VALUES (158, 3, 58, 'est', 0, 'b', '2008-09-02 06:21:31', '1978-05-06 01:50:38');
INSERT INTO `media` (`id`, `media_type_id`, `user_id`, `filename`, `size`, `metadata`, `created_at`, `updated_at`) VALUES (159, 4, 59, 'omnis', 0, 'a', '1994-03-01 01:02:36', '2017-11-28 01:11:10');
INSERT INTO `media` (`id`, `media_type_id`, `user_id`, `filename`, `size`, `metadata`, `created_at`, `updated_at`) VALUES (160, 5, 60, 'dicta', 0, 'a', '1983-05-02 09:42:56', '2013-02-19 23:20:31');
INSERT INTO `media` (`id`, `media_type_id`, `user_id`, `filename`, `size`, `metadata`, `created_at`, `updated_at`) VALUES (161, 1, 61, 'delectus', 0, 'b', '1970-05-03 03:19:58', '1978-10-15 17:28:40');
INSERT INTO `media` (`id`, `media_type_id`, `user_id`, `filename`, `size`, `metadata`, `created_at`, `updated_at`) VALUES (162, 2, 62, 'non', 40993, 'b', '1985-08-13 15:10:05', '2013-10-11 15:43:13');
INSERT INTO `media` (`id`, `media_type_id`, `user_id`, `filename`, `size`, `metadata`, `created_at`, `updated_at`) VALUES (163, 3, 63, 'itaque', 30247049, 'd', '1985-01-16 01:42:06', '2004-05-18 10:50:44');
INSERT INTO `media` (`id`, `media_type_id`, `user_id`, `filename`, `size`, `metadata`, `created_at`, `updated_at`) VALUES (164, 4, 64, 'temporibus', 9, 'a', '1975-10-16 07:40:41', '1985-09-12 09:38:06');
INSERT INTO `media` (`id`, `media_type_id`, `user_id`, `filename`, `size`, `metadata`, `created_at`, `updated_at`) VALUES (165, 5, 65, 'et', 0, 'b', '1986-03-18 16:08:00', '1986-02-10 14:14:16');
INSERT INTO `media` (`id`, `media_type_id`, `user_id`, `filename`, `size`, `metadata`, `created_at`, `updated_at`) VALUES (166, 1, 66, 'incidunt', 76599645, 'b', '1996-04-21 10:32:52', '2018-09-17 15:40:50');
INSERT INTO `media` (`id`, `media_type_id`, `user_id`, `filename`, `size`, `metadata`, `created_at`, `updated_at`) VALUES (167, 2, 67, 'sit', 4745165, 'd', '2010-11-12 08:57:46', '1976-12-06 08:50:41');
INSERT INTO `media` (`id`, `media_type_id`, `user_id`, `filename`, `size`, `metadata`, `created_at`, `updated_at`) VALUES (168, 3, 68, 'hic', 323, 'd', '1984-03-29 11:16:58', '2007-03-19 05:54:00');
INSERT INTO `media` (`id`, `media_type_id`, `user_id`, `filename`, `size`, `metadata`, `created_at`, `updated_at`) VALUES (169, 4, 69, 'nostrum', 1462, 'b', '2007-03-10 18:00:26', '1979-08-04 23:29:24');
INSERT INTO `media` (`id`, `media_type_id`, `user_id`, `filename`, `size`, `metadata`, `created_at`, `updated_at`) VALUES (170, 5, 70, 'aut', 366737155, 'c', '1995-07-09 05:39:49', '1987-12-27 04:38:10');
INSERT INTO `media` (`id`, `media_type_id`, `user_id`, `filename`, `size`, `metadata`, `created_at`, `updated_at`) VALUES (171, 1, 71, 'delectus', 0, 'c', '1994-08-21 19:05:38', '2008-08-08 10:58:14');
INSERT INTO `media` (`id`, `media_type_id`, `user_id`, `filename`, `size`, `metadata`, `created_at`, `updated_at`) VALUES (172, 2, 72, 'ut', 0, 'd', '1991-09-27 22:16:29', '1992-04-24 02:11:03');
INSERT INTO `media` (`id`, `media_type_id`, `user_id`, `filename`, `size`, `metadata`, `created_at`, `updated_at`) VALUES (173, 3, 73, 'laudantium', 72, 'c', '1995-10-02 01:10:30', '1978-03-14 21:18:59');
INSERT INTO `media` (`id`, `media_type_id`, `user_id`, `filename`, `size`, `metadata`, `created_at`, `updated_at`) VALUES (174, 4, 74, 'impedit', 14877556, 'c', '2014-08-15 01:59:00', '2014-11-30 08:09:45');
INSERT INTO `media` (`id`, `media_type_id`, `user_id`, `filename`, `size`, `metadata`, `created_at`, `updated_at`) VALUES (175, 5, 75, 'aliquid', 8117965, 'c', '2002-03-30 01:49:30', '2011-06-19 15:21:03');
INSERT INTO `media` (`id`, `media_type_id`, `user_id`, `filename`, `size`, `metadata`, `created_at`, `updated_at`) VALUES (176, 1, 76, 'quo', 6, 'b', '1996-01-09 09:12:54', '1972-03-14 21:29:20');
INSERT INTO `media` (`id`, `media_type_id`, `user_id`, `filename`, `size`, `metadata`, `created_at`, `updated_at`) VALUES (177, 2, 77, 'assumenda', 2, 'd', '1976-03-23 01:19:56', '1970-03-11 07:36:00');
INSERT INTO `media` (`id`, `media_type_id`, `user_id`, `filename`, `size`, `metadata`, `created_at`, `updated_at`) VALUES (178, 3, 78, 'est', 3, 'b', '2019-09-27 20:32:34', '2007-05-20 02:27:04');
INSERT INTO `media` (`id`, `media_type_id`, `user_id`, `filename`, `size`, `metadata`, `created_at`, `updated_at`) VALUES (179, 4, 79, 'esse', 94, 'd', '1989-09-24 22:34:45', '1973-09-29 03:23:30');
INSERT INTO `media` (`id`, `media_type_id`, `user_id`, `filename`, `size`, `metadata`, `created_at`, `updated_at`) VALUES (180, 5, 80, 'accusamus', 0, 'c', '1997-09-28 12:57:07', '1990-07-20 18:49:01');
INSERT INTO `media` (`id`, `media_type_id`, `user_id`, `filename`, `size`, `metadata`, `created_at`, `updated_at`) VALUES (181, 1, 81, 'consequatur', 0, 'd', '1988-09-18 19:58:49', '2003-10-20 02:34:22');
INSERT INTO `media` (`id`, `media_type_id`, `user_id`, `filename`, `size`, `metadata`, `created_at`, `updated_at`) VALUES (182, 2, 82, 'voluptatem', 0, 'a', '2013-08-28 05:08:46', '1998-06-09 04:05:51');
INSERT INTO `media` (`id`, `media_type_id`, `user_id`, `filename`, `size`, `metadata`, `created_at`, `updated_at`) VALUES (183, 3, 83, 'ut', 1722308, 'a', '1989-09-17 08:47:53', '2004-05-16 13:52:11');
INSERT INTO `media` (`id`, `media_type_id`, `user_id`, `filename`, `size`, `metadata`, `created_at`, `updated_at`) VALUES (184, 4, 84, 'delectus', 80537102, 'c', '1997-09-07 03:52:04', '2003-07-17 06:53:07');
INSERT INTO `media` (`id`, `media_type_id`, `user_id`, `filename`, `size`, `metadata`, `created_at`, `updated_at`) VALUES (185, 5, 85, 'et', 556716, 'b', '1985-05-02 15:25:58', '1977-12-13 16:05:00');
INSERT INTO `media` (`id`, `media_type_id`, `user_id`, `filename`, `size`, `metadata`, `created_at`, `updated_at`) VALUES (186, 1, 86, 'ratione', 99, 'b', '2012-01-31 06:17:06', '1999-06-16 20:58:14');
INSERT INTO `media` (`id`, `media_type_id`, `user_id`, `filename`, `size`, `metadata`, `created_at`, `updated_at`) VALUES (187, 2, 87, 'necessitatibus', 0, 'c', '1992-01-25 06:24:25', '1996-05-10 01:01:58');
INSERT INTO `media` (`id`, `media_type_id`, `user_id`, `filename`, `size`, `metadata`, `created_at`, `updated_at`) VALUES (188, 3, 88, 'distinctio', 3148532, 'b', '1972-10-28 09:11:46', '2010-08-12 20:39:38');
INSERT INTO `media` (`id`, `media_type_id`, `user_id`, `filename`, `size`, `metadata`, `created_at`, `updated_at`) VALUES (189, 4, 89, 'quia', 4, 'b', '2003-10-12 17:11:32', '1990-08-17 06:05:25');
INSERT INTO `media` (`id`, `media_type_id`, `user_id`, `filename`, `size`, `metadata`, `created_at`, `updated_at`) VALUES (190, 5, 90, 'eos', 45299, 'd', '1983-01-29 00:04:24', '1997-12-03 23:14:07');
INSERT INTO `media` (`id`, `media_type_id`, `user_id`, `filename`, `size`, `metadata`, `created_at`, `updated_at`) VALUES (191, 1, 91, 'officiis', 0, 'a', '2007-12-23 15:56:21', '1983-05-25 06:23:58');
INSERT INTO `media` (`id`, `media_type_id`, `user_id`, `filename`, `size`, `metadata`, `created_at`, `updated_at`) VALUES (192, 2, 92, 'qui', 30560651, 'd', '1989-06-05 17:33:51', '1993-10-06 11:06:48');
INSERT INTO `media` (`id`, `media_type_id`, `user_id`, `filename`, `size`, `metadata`, `created_at`, `updated_at`) VALUES (193, 3, 93, 'voluptatum', 43414097, 'c', '1971-02-12 11:35:43', '1975-09-11 12:47:24');
INSERT INTO `media` (`id`, `media_type_id`, `user_id`, `filename`, `size`, `metadata`, `created_at`, `updated_at`) VALUES (194, 4, 94, 'dolorem', 5451, 'd', '1993-01-19 04:50:48', '2010-08-23 09:12:38');
INSERT INTO `media` (`id`, `media_type_id`, `user_id`, `filename`, `size`, `metadata`, `created_at`, `updated_at`) VALUES (195, 5, 95, 'veritatis', 1, 'c', '2000-07-21 14:14:16', '2013-10-18 19:24:58');
INSERT INTO `media` (`id`, `media_type_id`, `user_id`, `filename`, `size`, `metadata`, `created_at`, `updated_at`) VALUES (196, 1, 96, 'quo', 0, 'a', '1997-04-25 23:09:01', '2001-07-03 20:53:20');
INSERT INTO `media` (`id`, `media_type_id`, `user_id`, `filename`, `size`, `metadata`, `created_at`, `updated_at`) VALUES (197, 2, 97, 'aliquam', 94845360, 'd', '1982-07-16 07:50:02', '2005-08-05 14:32:04');
INSERT INTO `media` (`id`, `media_type_id`, `user_id`, `filename`, `size`, `metadata`, `created_at`, `updated_at`) VALUES (198, 3, 98, 'animi', 98948, 'a', '2010-12-05 09:22:28', '2005-11-30 11:46:38');
INSERT INTO `media` (`id`, `media_type_id`, `user_id`, `filename`, `size`, `metadata`, `created_at`, `updated_at`) VALUES (199, 4, 99, 'possimus', 308687804, 'd', '1977-09-05 21:41:02', '1991-04-02 21:05:12');
INSERT INTO `media` (`id`, `media_type_id`, `user_id`, `filename`, `size`, `metadata`, `created_at`, `updated_at`) VALUES (200, 5, 100, 'vero', 24825525, 'a', '1984-03-13 02:39:51', '1986-07-24 16:34:49');
INSERT INTO `media` (`id`, `media_type_id`, `user_id`, `filename`, `size`, `metadata`, `created_at`, `updated_at`) VALUES (201, 1, 1, 'tempore', 97189, 'c', '1986-04-18 02:31:17', '2008-12-27 06:54:52');
INSERT INTO `media` (`id`, `media_type_id`, `user_id`, `filename`, `size`, `metadata`, `created_at`, `updated_at`) VALUES (202, 2, 2, 'aspernatur', 761903862, 'b', '2017-04-28 13:53:14', '2000-06-05 21:16:58');
INSERT INTO `media` (`id`, `media_type_id`, `user_id`, `filename`, `size`, `metadata`, `created_at`, `updated_at`) VALUES (203, 3, 3, 'nihil', 756, 'c', '1996-12-11 22:56:03', '1975-03-01 01:18:11');
INSERT INTO `media` (`id`, `media_type_id`, `user_id`, `filename`, `size`, `metadata`, `created_at`, `updated_at`) VALUES (204, 4, 4, 'ea', 79939, 'b', '1990-07-24 21:01:04', '1985-03-01 15:29:47');
INSERT INTO `media` (`id`, `media_type_id`, `user_id`, `filename`, `size`, `metadata`, `created_at`, `updated_at`) VALUES (205, 5, 5, 'molestiae', 5633264, 'c', '2014-03-17 03:59:36', '1984-09-17 18:16:56');
INSERT INTO `media` (`id`, `media_type_id`, `user_id`, `filename`, `size`, `metadata`, `created_at`, `updated_at`) VALUES (206, 1, 6, 'doloribus', 73572, 'd', '1979-03-20 12:03:16', '2015-09-23 05:13:28');
INSERT INTO `media` (`id`, `media_type_id`, `user_id`, `filename`, `size`, `metadata`, `created_at`, `updated_at`) VALUES (207, 2, 7, 'dolorem', 4001, 'c', '1977-02-05 04:17:39', '1986-10-03 19:23:34');
INSERT INTO `media` (`id`, `media_type_id`, `user_id`, `filename`, `size`, `metadata`, `created_at`, `updated_at`) VALUES (208, 3, 8, 'eos', 9, 'c', '2009-12-04 08:54:39', '1978-09-24 07:12:03');
INSERT INTO `media` (`id`, `media_type_id`, `user_id`, `filename`, `size`, `metadata`, `created_at`, `updated_at`) VALUES (209, 4, 9, 'rerum', 3, 'b', '2017-07-20 13:03:55', '1991-03-06 04:45:01');
INSERT INTO `media` (`id`, `media_type_id`, `user_id`, `filename`, `size`, `metadata`, `created_at`, `updated_at`) VALUES (210, 5, 10, 'accusantium', 1, 'c', '1984-12-07 02:44:03', '2010-02-02 21:47:57');
INSERT INTO `media` (`id`, `media_type_id`, `user_id`, `filename`, `size`, `metadata`, `created_at`, `updated_at`) VALUES (211, 1, 11, 'deleniti', 14527999, 'b', '2017-05-12 03:04:10', '2013-01-04 03:18:19');
INSERT INTO `media` (`id`, `media_type_id`, `user_id`, `filename`, `size`, `metadata`, `created_at`, `updated_at`) VALUES (212, 2, 12, 'velit', 0, 'c', '1980-11-12 00:50:46', '1988-03-02 03:03:10');
INSERT INTO `media` (`id`, `media_type_id`, `user_id`, `filename`, `size`, `metadata`, `created_at`, `updated_at`) VALUES (213, 3, 13, 'maiores', 6693729, 'd', '1989-09-03 09:41:47', '2017-08-28 03:47:09');
INSERT INTO `media` (`id`, `media_type_id`, `user_id`, `filename`, `size`, `metadata`, `created_at`, `updated_at`) VALUES (214, 4, 14, 'et', 94444491, 'a', '1986-12-03 05:50:25', '1970-05-13 19:27:35');
INSERT INTO `media` (`id`, `media_type_id`, `user_id`, `filename`, `size`, `metadata`, `created_at`, `updated_at`) VALUES (215, 5, 15, 'sed', 305793, 'a', '1980-02-19 09:32:32', '1982-08-17 17:57:21');
INSERT INTO `media` (`id`, `media_type_id`, `user_id`, `filename`, `size`, `metadata`, `created_at`, `updated_at`) VALUES (216, 1, 16, 'recusandae', 1318420, 'd', '1973-05-06 22:04:51', '1985-12-02 16:04:27');
INSERT INTO `media` (`id`, `media_type_id`, `user_id`, `filename`, `size`, `metadata`, `created_at`, `updated_at`) VALUES (217, 2, 17, 'dolores', 3230036, 'c', '1982-02-22 09:56:46', '1981-10-22 18:41:58');
INSERT INTO `media` (`id`, `media_type_id`, `user_id`, `filename`, `size`, `metadata`, `created_at`, `updated_at`) VALUES (218, 3, 18, 'quis', 470, 'b', '1979-07-30 20:30:40', '2002-05-27 02:24:05');
INSERT INTO `media` (`id`, `media_type_id`, `user_id`, `filename`, `size`, `metadata`, `created_at`, `updated_at`) VALUES (219, 4, 19, 'qui', 8, 'a', '1976-03-19 11:06:01', '1985-01-28 22:35:07');
INSERT INTO `media` (`id`, `media_type_id`, `user_id`, `filename`, `size`, `metadata`, `created_at`, `updated_at`) VALUES (220, 5, 20, 'debitis', 73, 'd', '2005-10-20 17:53:54', '2006-12-02 21:26:32');
INSERT INTO `media` (`id`, `media_type_id`, `user_id`, `filename`, `size`, `metadata`, `created_at`, `updated_at`) VALUES (221, 1, 21, 'qui', 7707902, 'd', '1995-05-01 18:53:12', '2012-06-16 18:12:46');
INSERT INTO `media` (`id`, `media_type_id`, `user_id`, `filename`, `size`, `metadata`, `created_at`, `updated_at`) VALUES (222, 2, 22, 'ea', 0, 'c', '1977-07-26 03:17:44', '2007-12-04 21:34:27');
INSERT INTO `media` (`id`, `media_type_id`, `user_id`, `filename`, `size`, `metadata`, `created_at`, `updated_at`) VALUES (223, 3, 23, 'nisi', 52750, 'b', '1972-02-07 08:12:47', '1986-11-23 06:22:49');
INSERT INTO `media` (`id`, `media_type_id`, `user_id`, `filename`, `size`, `metadata`, `created_at`, `updated_at`) VALUES (224, 4, 24, 'sit', 15, 'a', '2016-07-08 20:05:12', '2000-04-28 12:03:14');
INSERT INTO `media` (`id`, `media_type_id`, `user_id`, `filename`, `size`, `metadata`, `created_at`, `updated_at`) VALUES (225, 5, 25, 'porro', 75224, 'a', '1996-10-26 10:21:08', '1982-04-14 06:15:32');
INSERT INTO `media` (`id`, `media_type_id`, `user_id`, `filename`, `size`, `metadata`, `created_at`, `updated_at`) VALUES (226, 1, 26, 'aut', 7, 'c', '1988-08-10 04:25:33', '2005-07-01 02:20:52');
INSERT INTO `media` (`id`, `media_type_id`, `user_id`, `filename`, `size`, `metadata`, `created_at`, `updated_at`) VALUES (227, 2, 27, 'possimus', 6653331, 'd', '2017-07-17 00:17:39', '1997-10-19 10:03:53');
INSERT INTO `media` (`id`, `media_type_id`, `user_id`, `filename`, `size`, `metadata`, `created_at`, `updated_at`) VALUES (228, 3, 28, 'quia', 1, 'c', '1998-01-31 10:46:06', '2005-08-15 20:45:09');
INSERT INTO `media` (`id`, `media_type_id`, `user_id`, `filename`, `size`, `metadata`, `created_at`, `updated_at`) VALUES (229, 4, 29, 'voluptas', 387, 'c', '1989-06-16 20:45:09', '1989-08-04 19:44:52');
INSERT INTO `media` (`id`, `media_type_id`, `user_id`, `filename`, `size`, `metadata`, `created_at`, `updated_at`) VALUES (230, 5, 30, 'omnis', 0, 'a', '1989-02-18 08:05:16', '2003-03-21 23:15:38');
INSERT INTO `media` (`id`, `media_type_id`, `user_id`, `filename`, `size`, `metadata`, `created_at`, `updated_at`) VALUES (231, 1, 31, 'aut', 0, 'a', '1993-10-26 08:25:54', '2004-01-29 17:11:25');
INSERT INTO `media` (`id`, `media_type_id`, `user_id`, `filename`, `size`, `metadata`, `created_at`, `updated_at`) VALUES (232, 2, 32, 'omnis', 1, 'c', '1996-12-07 19:38:23', '1973-07-17 00:47:29');
INSERT INTO `media` (`id`, `media_type_id`, `user_id`, `filename`, `size`, `metadata`, `created_at`, `updated_at`) VALUES (233, 3, 33, 'ea', 8302, 'b', '1985-08-28 12:16:22', '1977-10-25 12:23:09');
INSERT INTO `media` (`id`, `media_type_id`, `user_id`, `filename`, `size`, `metadata`, `created_at`, `updated_at`) VALUES (234, 4, 34, 'ad', 12408584, 'b', '1971-12-30 00:21:29', '2009-08-01 18:12:44');
INSERT INTO `media` (`id`, `media_type_id`, `user_id`, `filename`, `size`, `metadata`, `created_at`, `updated_at`) VALUES (235, 5, 35, 'est', 636611486, 'd', '2009-02-26 22:05:32', '2009-06-29 03:05:12');
INSERT INTO `media` (`id`, `media_type_id`, `user_id`, `filename`, `size`, `metadata`, `created_at`, `updated_at`) VALUES (236, 1, 36, 'voluptatem', 30916, 'a', '2008-05-26 17:38:24', '2015-04-09 08:51:37');
INSERT INTO `media` (`id`, `media_type_id`, `user_id`, `filename`, `size`, `metadata`, `created_at`, `updated_at`) VALUES (237, 2, 37, 'expedita', 0, 'b', '2013-04-12 14:36:02', '2015-05-22 07:13:34');
INSERT INTO `media` (`id`, `media_type_id`, `user_id`, `filename`, `size`, `metadata`, `created_at`, `updated_at`) VALUES (238, 3, 38, 'quia', 641032447, 'd', '2019-02-21 15:43:44', '1996-05-26 21:50:03');
INSERT INTO `media` (`id`, `media_type_id`, `user_id`, `filename`, `size`, `metadata`, `created_at`, `updated_at`) VALUES (239, 4, 39, 'voluptatibus', 804, 'a', '2015-10-18 17:23:02', '2005-03-05 12:23:07');
INSERT INTO `media` (`id`, `media_type_id`, `user_id`, `filename`, `size`, `metadata`, `created_at`, `updated_at`) VALUES (240, 5, 40, 'vel', 983985, 'd', '2015-06-14 17:08:46', '1998-12-23 07:47:15');
INSERT INTO `media` (`id`, `media_type_id`, `user_id`, `filename`, `size`, `metadata`, `created_at`, `updated_at`) VALUES (241, 1, 41, 'aliquam', 86505341, 'd', '1984-11-26 20:43:33', '2015-07-23 06:25:39');
INSERT INTO `media` (`id`, `media_type_id`, `user_id`, `filename`, `size`, `metadata`, `created_at`, `updated_at`) VALUES (242, 2, 42, 'quia', 767453, 'c', '2001-08-12 18:50:37', '1970-03-22 16:42:37');
INSERT INTO `media` (`id`, `media_type_id`, `user_id`, `filename`, `size`, `metadata`, `created_at`, `updated_at`) VALUES (243, 3, 43, 'iure', 871608972, 'd', '1990-04-16 20:27:17', '1987-12-21 04:04:06');
INSERT INTO `media` (`id`, `media_type_id`, `user_id`, `filename`, `size`, `metadata`, `created_at`, `updated_at`) VALUES (244, 4, 44, 'sit', 53368371, 'b', '1977-03-10 19:03:55', '1970-03-01 18:43:22');
INSERT INTO `media` (`id`, `media_type_id`, `user_id`, `filename`, `size`, `metadata`, `created_at`, `updated_at`) VALUES (245, 5, 45, 'consectetur', 1, 'a', '2006-11-11 05:24:53', '2017-02-24 14:08:54');
INSERT INTO `media` (`id`, `media_type_id`, `user_id`, `filename`, `size`, `metadata`, `created_at`, `updated_at`) VALUES (246, 1, 46, 'quam', 6, 'a', '1970-02-17 08:03:40', '2000-06-17 05:02:46');
INSERT INTO `media` (`id`, `media_type_id`, `user_id`, `filename`, `size`, `metadata`, `created_at`, `updated_at`) VALUES (247, 2, 47, 'quaerat', 27, 'b', '1970-02-07 03:56:56', '1987-08-14 00:36:24');
INSERT INTO `media` (`id`, `media_type_id`, `user_id`, `filename`, `size`, `metadata`, `created_at`, `updated_at`) VALUES (248, 3, 48, 'possimus', 4, 'c', '1988-07-03 17:44:01', '2004-06-16 16:43:01');
INSERT INTO `media` (`id`, `media_type_id`, `user_id`, `filename`, `size`, `metadata`, `created_at`, `updated_at`) VALUES (249, 4, 49, 'aut', 780493094, 'a', '1989-02-09 22:39:05', '2002-09-22 04:29:54');
INSERT INTO `media` (`id`, `media_type_id`, `user_id`, `filename`, `size`, `metadata`, `created_at`, `updated_at`) VALUES (250, 5, 50, 'debitis', 2, 'c', '1976-06-04 23:02:39', '2017-04-30 18:21:46');
INSERT INTO `media` (`id`, `media_type_id`, `user_id`, `filename`, `size`, `metadata`, `created_at`, `updated_at`) VALUES (251, 1, 51, 'adipisci', 52, 'c', '1998-11-27 07:02:33', '2009-11-13 03:32:06');
INSERT INTO `media` (`id`, `media_type_id`, `user_id`, `filename`, `size`, `metadata`, `created_at`, `updated_at`) VALUES (252, 2, 52, 'corrupti', 0, 'c', '2015-06-09 05:45:20', '1993-11-01 06:18:03');
INSERT INTO `media` (`id`, `media_type_id`, `user_id`, `filename`, `size`, `metadata`, `created_at`, `updated_at`) VALUES (253, 3, 53, 'voluptates', 0, 'd', '1970-12-29 10:54:52', '1997-09-17 23:58:54');
INSERT INTO `media` (`id`, `media_type_id`, `user_id`, `filename`, `size`, `metadata`, `created_at`, `updated_at`) VALUES (254, 4, 54, 'accusantium', 45, 'b', '1999-05-17 22:33:35', '1971-10-13 19:02:28');
INSERT INTO `media` (`id`, `media_type_id`, `user_id`, `filename`, `size`, `metadata`, `created_at`, `updated_at`) VALUES (255, 5, 55, 'consequatur', 0, 'c', '1993-03-04 22:05:04', '1984-07-15 10:30:52');
INSERT INTO `media` (`id`, `media_type_id`, `user_id`, `filename`, `size`, `metadata`, `created_at`, `updated_at`) VALUES (256, 1, 56, 'vel', 4106, 'c', '1999-12-15 19:03:08', '2012-12-11 04:25:06');
INSERT INTO `media` (`id`, `media_type_id`, `user_id`, `filename`, `size`, `metadata`, `created_at`, `updated_at`) VALUES (257, 2, 57, 'voluptatem', 609, 'c', '1998-12-02 07:39:50', '1970-06-15 11:48:22');
INSERT INTO `media` (`id`, `media_type_id`, `user_id`, `filename`, `size`, `metadata`, `created_at`, `updated_at`) VALUES (258, 3, 58, 'minus', 0, 'd', '1997-04-23 22:17:39', '1991-09-16 17:51:15');
INSERT INTO `media` (`id`, `media_type_id`, `user_id`, `filename`, `size`, `metadata`, `created_at`, `updated_at`) VALUES (259, 4, 59, 'atque', 826300866, 'c', '2004-05-17 18:54:41', '2004-08-28 05:35:40');
INSERT INTO `media` (`id`, `media_type_id`, `user_id`, `filename`, `size`, `metadata`, `created_at`, `updated_at`) VALUES (260, 5, 60, 'quam', 1, 'b', '1971-01-17 12:15:44', '2002-10-02 21:32:59');
INSERT INTO `media` (`id`, `media_type_id`, `user_id`, `filename`, `size`, `metadata`, `created_at`, `updated_at`) VALUES (261, 1, 61, 'est', 0, 'b', '2002-12-22 06:26:54', '2009-09-14 22:03:34');
INSERT INTO `media` (`id`, `media_type_id`, `user_id`, `filename`, `size`, `metadata`, `created_at`, `updated_at`) VALUES (262, 2, 62, 'impedit', 98, 'a', '1979-01-06 11:46:34', '2014-03-25 05:01:13');
INSERT INTO `media` (`id`, `media_type_id`, `user_id`, `filename`, `size`, `metadata`, `created_at`, `updated_at`) VALUES (263, 3, 63, 'occaecati', 4702, 'a', '2019-05-30 02:48:06', '2014-01-18 12:02:49');
INSERT INTO `media` (`id`, `media_type_id`, `user_id`, `filename`, `size`, `metadata`, `created_at`, `updated_at`) VALUES (264, 4, 64, 'corporis', 688596, 'b', '1976-12-15 23:59:00', '2003-06-14 10:23:22');
INSERT INTO `media` (`id`, `media_type_id`, `user_id`, `filename`, `size`, `metadata`, `created_at`, `updated_at`) VALUES (265, 5, 65, 'ratione', 36, 'b', '2013-03-28 12:11:09', '1981-06-30 22:10:48');
INSERT INTO `media` (`id`, `media_type_id`, `user_id`, `filename`, `size`, `metadata`, `created_at`, `updated_at`) VALUES (266, 1, 66, 'soluta', 64313, 'c', '1974-07-24 02:54:42', '2000-10-28 22:53:18');
INSERT INTO `media` (`id`, `media_type_id`, `user_id`, `filename`, `size`, `metadata`, `created_at`, `updated_at`) VALUES (267, 2, 67, 'suscipit', 23090570, 'a', '1989-06-01 00:08:59', '2001-06-04 11:13:52');
INSERT INTO `media` (`id`, `media_type_id`, `user_id`, `filename`, `size`, `metadata`, `created_at`, `updated_at`) VALUES (268, 3, 68, 'doloribus', 978404219, 'c', '2005-10-01 00:27:12', '1973-03-12 19:30:21');
INSERT INTO `media` (`id`, `media_type_id`, `user_id`, `filename`, `size`, `metadata`, `created_at`, `updated_at`) VALUES (269, 4, 69, 'nobis', 0, 'd', '1980-07-16 14:39:48', '1983-03-08 16:49:59');
INSERT INTO `media` (`id`, `media_type_id`, `user_id`, `filename`, `size`, `metadata`, `created_at`, `updated_at`) VALUES (270, 5, 70, 'pariatur', 61, 'd', '2008-10-18 21:49:10', '1995-12-26 02:35:38');
INSERT INTO `media` (`id`, `media_type_id`, `user_id`, `filename`, `size`, `metadata`, `created_at`, `updated_at`) VALUES (271, 1, 71, 'hic', 62427375, 'b', '1997-11-09 02:34:58', '2012-06-22 23:31:11');
INSERT INTO `media` (`id`, `media_type_id`, `user_id`, `filename`, `size`, `metadata`, `created_at`, `updated_at`) VALUES (272, 2, 72, 'harum', 80, 'a', '2014-05-15 02:48:54', '1975-02-18 02:31:46');
INSERT INTO `media` (`id`, `media_type_id`, `user_id`, `filename`, `size`, `metadata`, `created_at`, `updated_at`) VALUES (273, 3, 73, 'et', 85276, 'c', '1995-03-12 03:23:41', '2003-12-07 07:54:53');
INSERT INTO `media` (`id`, `media_type_id`, `user_id`, `filename`, `size`, `metadata`, `created_at`, `updated_at`) VALUES (274, 4, 74, 'tenetur', 5, 'a', '2001-09-28 10:47:53', '1991-11-30 16:36:18');
INSERT INTO `media` (`id`, `media_type_id`, `user_id`, `filename`, `size`, `metadata`, `created_at`, `updated_at`) VALUES (275, 5, 75, 'ut', 61411, 'b', '2016-04-10 01:03:26', '2004-08-14 11:35:48');
INSERT INTO `media` (`id`, `media_type_id`, `user_id`, `filename`, `size`, `metadata`, `created_at`, `updated_at`) VALUES (276, 1, 76, 'possimus', 10949, 'b', '1972-05-20 16:06:40', '1986-02-25 07:19:01');
INSERT INTO `media` (`id`, `media_type_id`, `user_id`, `filename`, `size`, `metadata`, `created_at`, `updated_at`) VALUES (277, 2, 77, 'hic', 14580739, 'a', '2012-06-10 17:18:34', '2017-01-12 22:51:27');
INSERT INTO `media` (`id`, `media_type_id`, `user_id`, `filename`, `size`, `metadata`, `created_at`, `updated_at`) VALUES (278, 3, 78, 'quibusdam', 30823, 'c', '2010-10-07 16:40:12', '1970-10-07 15:08:39');
INSERT INTO `media` (`id`, `media_type_id`, `user_id`, `filename`, `size`, `metadata`, `created_at`, `updated_at`) VALUES (279, 4, 79, 'officiis', 47263568, 'a', '1996-07-13 18:28:13', '2009-08-30 13:46:22');
INSERT INTO `media` (`id`, `media_type_id`, `user_id`, `filename`, `size`, `metadata`, `created_at`, `updated_at`) VALUES (280, 5, 80, 'impedit', 60, 'c', '2000-08-24 08:04:02', '1995-02-27 05:48:25');
INSERT INTO `media` (`id`, `media_type_id`, `user_id`, `filename`, `size`, `metadata`, `created_at`, `updated_at`) VALUES (281, 1, 81, 'omnis', 0, 'd', '2010-05-17 08:10:40', '1990-06-15 06:42:29');
INSERT INTO `media` (`id`, `media_type_id`, `user_id`, `filename`, `size`, `metadata`, `created_at`, `updated_at`) VALUES (282, 2, 82, 'officiis', 605575509, 'd', '2013-04-18 08:41:31', '1997-03-24 01:59:24');
INSERT INTO `media` (`id`, `media_type_id`, `user_id`, `filename`, `size`, `metadata`, `created_at`, `updated_at`) VALUES (283, 3, 83, 'aspernatur', 515618754, 'd', '2007-03-11 08:55:28', '1976-09-05 11:53:05');
INSERT INTO `media` (`id`, `media_type_id`, `user_id`, `filename`, `size`, `metadata`, `created_at`, `updated_at`) VALUES (284, 4, 84, 'mollitia', 84, 'b', '2017-05-29 05:39:45', '1999-03-11 00:19:17');
INSERT INTO `media` (`id`, `media_type_id`, `user_id`, `filename`, `size`, `metadata`, `created_at`, `updated_at`) VALUES (285, 5, 85, 'vero', 0, 'c', '2005-01-02 05:09:18', '1992-02-28 10:19:24');
INSERT INTO `media` (`id`, `media_type_id`, `user_id`, `filename`, `size`, `metadata`, `created_at`, `updated_at`) VALUES (286, 1, 86, 'in', 983297, 'd', '1987-11-26 14:31:18', '1988-07-07 22:02:26');
INSERT INTO `media` (`id`, `media_type_id`, `user_id`, `filename`, `size`, `metadata`, `created_at`, `updated_at`) VALUES (287, 2, 87, 'aperiam', 638281, 'd', '2015-06-01 11:42:30', '1985-12-16 19:02:18');
INSERT INTO `media` (`id`, `media_type_id`, `user_id`, `filename`, `size`, `metadata`, `created_at`, `updated_at`) VALUES (288, 3, 88, 'iste', 0, 'd', '2005-10-07 07:04:23', '1986-10-26 18:35:31');
INSERT INTO `media` (`id`, `media_type_id`, `user_id`, `filename`, `size`, `metadata`, `created_at`, `updated_at`) VALUES (289, 4, 89, 'veniam', 59295, 'a', '1999-04-26 13:17:38', '1997-01-13 08:11:27');
INSERT INTO `media` (`id`, `media_type_id`, `user_id`, `filename`, `size`, `metadata`, `created_at`, `updated_at`) VALUES (290, 5, 90, 'non', 4561, 'a', '2007-07-09 01:10:01', '2010-05-15 08:01:42');
INSERT INTO `media` (`id`, `media_type_id`, `user_id`, `filename`, `size`, `metadata`, `created_at`, `updated_at`) VALUES (291, 1, 91, 'labore', 4644, 'd', '1995-02-23 01:40:30', '2007-12-09 15:35:24');
INSERT INTO `media` (`id`, `media_type_id`, `user_id`, `filename`, `size`, `metadata`, `created_at`, `updated_at`) VALUES (292, 2, 92, 'autem', 7442, 'b', '2017-01-28 11:58:48', '1978-04-27 09:34:30');
INSERT INTO `media` (`id`, `media_type_id`, `user_id`, `filename`, `size`, `metadata`, `created_at`, `updated_at`) VALUES (293, 3, 93, 'totam', 786, 'd', '2016-10-24 08:21:13', '2003-07-17 16:26:39');
INSERT INTO `media` (`id`, `media_type_id`, `user_id`, `filename`, `size`, `metadata`, `created_at`, `updated_at`) VALUES (294, 4, 94, 'laboriosam', 2503, 'c', '1970-01-23 20:45:17', '1981-12-14 03:50:38');
INSERT INTO `media` (`id`, `media_type_id`, `user_id`, `filename`, `size`, `metadata`, `created_at`, `updated_at`) VALUES (295, 5, 95, 'ut', 8257, 'd', '2014-11-14 18:04:40', '1977-10-08 02:12:29');
INSERT INTO `media` (`id`, `media_type_id`, `user_id`, `filename`, `size`, `metadata`, `created_at`, `updated_at`) VALUES (296, 1, 96, 'labore', 6940, 'd', '1977-05-08 19:52:38', '1983-11-18 07:19:46');
INSERT INTO `media` (`id`, `media_type_id`, `user_id`, `filename`, `size`, `metadata`, `created_at`, `updated_at`) VALUES (297, 2, 97, 'sunt', 5, 'c', '2019-10-16 22:40:26', '1984-03-27 06:58:46');
INSERT INTO `media` (`id`, `media_type_id`, `user_id`, `filename`, `size`, `metadata`, `created_at`, `updated_at`) VALUES (298, 3, 98, 'dolor', 0, 'd', '2004-11-14 02:01:26', '2014-11-17 18:46:13');
INSERT INTO `media` (`id`, `media_type_id`, `user_id`, `filename`, `size`, `metadata`, `created_at`, `updated_at`) VALUES (299, 4, 99, 'accusamus', 11120, 'a', '1990-08-09 15:22:05', '1988-11-26 04:33:17');
INSERT INTO `media` (`id`, `media_type_id`, `user_id`, `filename`, `size`, `metadata`, `created_at`, `updated_at`) VALUES (300, 5, 100, 'debitis', 6, 'd', '1999-07-21 05:11:15', '1995-02-07 13:30:12');


#
# TABLE STRUCTURE FOR: media_types
#

DROP TABLE IF EXISTS `media_types`;

CREATE TABLE `media_types` (
  `id` int(10) unsigned NOT NULL AUTO_INCREMENT,
  `name` varchar(255) COLLATE utf8_unicode_ci NOT NULL,
  PRIMARY KEY (`id`),
  UNIQUE KEY `name` (`name`)
) ENGINE=InnoDB AUTO_INCREMENT=6 DEFAULT CHARSET=utf8 COLLATE=utf8_unicode_ci;

INSERT INTO `media_types` (`id`, `name`) VALUES (3, 'at');
INSERT INTO `media_types` (`id`, `name`) VALUES (5, 'autem');
INSERT INTO `media_types` (`id`, `name`) VALUES (2, 'est');
INSERT INTO `media_types` (`id`, `name`) VALUES (1, 'officia');
INSERT INTO `media_types` (`id`, `name`) VALUES (4, 'ut');


#
# TABLE STRUCTURE FOR: messages
#

DROP TABLE IF EXISTS `messages`;

CREATE TABLE `messages` (
  `id` int(10) unsigned NOT NULL AUTO_INCREMENT,
  `from_user_id` int(10) unsigned NOT NULL,
  `to_user_id` int(10) unsigned NOT NULL,
  `body` text COLLATE utf8_unicode_ci NOT NULL,
  `is_important` tinyint(1) DEFAULT NULL,
  `is_delivered` tinyint(1) DEFAULT NULL,
  `is_deleted` tinyint(1) DEFAULT NULL,
  `created_at` datetime DEFAULT current_timestamp(),
  PRIMARY KEY (`id`)
) ENGINE=InnoDB AUTO_INCREMENT=301 DEFAULT CHARSET=utf8 COLLATE=utf8_unicode_ci;

INSERT INTO `messages` (`id`, `from_user_id`, `to_user_id`, `body`, `is_important`, `is_delivered`, `is_deleted`, `created_at`) VALUES (1, 1, 63, 'Sit et ut quo soluta. Est in ipsa repellendus quia et id aut. Quia voluptatem amet qui laudantium ut. Laboriosam nobis eligendi et nobis. Ipsa inventore deserunt similique.', 0, 0, 1, '2014-04-07 21:53:54');
INSERT INTO `messages` (`id`, `from_user_id`, `to_user_id`, `body`, `is_important`, `is_delivered`, `is_deleted`, `created_at`) VALUES (2, 2, 1, 'Rerum sint voluptatem aspernatur omnis odit doloremque nam. Qui velit recusandae facere sed. Sunt delectus neque sed eos iste cum voluptas.', 1, 0, 0, '1985-01-11 11:25:38');
INSERT INTO `messages` (`id`, `from_user_id`, `to_user_id`, `body`, `is_important`, `is_delivered`, `is_deleted`, `created_at`) VALUES (3, 3, 31, 'Dignissimos voluptatum ut dolor fuga. Autem et nesciunt qui ratione aut. Fugit consequatur est sit illo.', 0, 1, 0, '1983-07-02 20:09:53');
INSERT INTO `messages` (`id`, `from_user_id`, `to_user_id`, `body`, `is_important`, `is_delivered`, `is_deleted`, `created_at`) VALUES (4, 4, 17, 'Ut maiores aut eaque id libero. Quidem ducimus odit aut tempore non expedita veniam debitis. Sint nostrum sed in sit. Accusamus eum animi fuga id.', 0, 1, 0, '2011-04-02 18:52:14');
INSERT INTO `messages` (`id`, `from_user_id`, `to_user_id`, `body`, `is_important`, `is_delivered`, `is_deleted`, `created_at`) VALUES (5, 5, 7, 'Nostrum doloribus voluptatem temporibus necessitatibus. Fugit atque facilis ea dolores asperiores et. Qui quae aliquid occaecati ab odio.', 1, 1, 0, '2003-08-08 23:01:07');
INSERT INTO `messages` (`id`, `from_user_id`, `to_user_id`, `body`, `is_important`, `is_delivered`, `is_deleted`, `created_at`) VALUES (6, 6, 29, 'A fugiat nam autem suscipit magni consequuntur nam. Porro temporibus necessitatibus laudantium quasi suscipit. Aliquid aut qui recusandae dolorem ea. Perspiciatis totam voluptate aspernatur.', 1, 0, 1, '1983-08-19 09:03:54');
INSERT INTO `messages` (`id`, `from_user_id`, `to_user_id`, `body`, `is_important`, `is_delivered`, `is_deleted`, `created_at`) VALUES (7, 7, 35, 'Dolor dolor aperiam pariatur sit tempora quia occaecati voluptatem. Consequatur ullam ex alias temporibus itaque magni ducimus. Dolores non eos sit corporis aliquam. Voluptatem in explicabo necessitatibus expedita.', 1, 0, 1, '1991-06-23 05:50:47');
INSERT INTO `messages` (`id`, `from_user_id`, `to_user_id`, `body`, `is_important`, `is_delivered`, `is_deleted`, `created_at`) VALUES (8, 8, 30, 'Quae dolores quaerat iure voluptatem saepe. Eum esse omnis eum nobis ea quo debitis. Ea dolorem itaque consequatur et dicta beatae.', 0, 0, 1, '2002-07-12 22:41:13');
INSERT INTO `messages` (`id`, `from_user_id`, `to_user_id`, `body`, `is_important`, `is_delivered`, `is_deleted`, `created_at`) VALUES (9, 9, 55, 'Et aut quae debitis. Mollitia nam aut suscipit. Molestias sit ea deserunt. Qui aut sunt odio sit laboriosam ut laborum.', 1, 1, 0, '1995-02-22 00:28:49');
INSERT INTO `messages` (`id`, `from_user_id`, `to_user_id`, `body`, `is_important`, `is_delivered`, `is_deleted`, `created_at`) VALUES (10, 10, 81, 'Enim tenetur qui et iste eius aut facilis. Praesentium eum qui tempora et dicta asperiores. Voluptatum consequuntur veritatis rem sit.', 0, 1, 1, '1998-09-11 19:03:49');
INSERT INTO `messages` (`id`, `from_user_id`, `to_user_id`, `body`, `is_important`, `is_delivered`, `is_deleted`, `created_at`) VALUES (11, 11, 75, 'Aut consequatur magnam at quod quo. Odio quis vitae sit voluptas. Omnis nihil tenetur pariatur fugiat est aperiam sit.', 0, 0, 0, '1973-04-19 22:03:19');
INSERT INTO `messages` (`id`, `from_user_id`, `to_user_id`, `body`, `is_important`, `is_delivered`, `is_deleted`, `created_at`) VALUES (12, 12, 47, 'Non aut libero magni reiciendis consequuntur eius repellat. Quos inventore dignissimos et eos repellendus qui.', 0, 1, 1, '1990-09-15 03:13:28');
INSERT INTO `messages` (`id`, `from_user_id`, `to_user_id`, `body`, `is_important`, `is_delivered`, `is_deleted`, `created_at`) VALUES (13, 13, 89, 'Alias eos sint quam illum adipisci. Consequatur non minus exercitationem sunt. Cupiditate ea temporibus facere hic molestiae vitae sed. Beatae voluptate qui adipisci praesentium amet enim. Cumque possimus dolores et omnis nobis ut.', 1, 1, 1, '1984-10-01 14:25:15');
INSERT INTO `messages` (`id`, `from_user_id`, `to_user_id`, `body`, `is_important`, `is_delivered`, `is_deleted`, `created_at`) VALUES (14, 14, 54, 'Adipisci quibusdam ut rerum qui odio voluptas et ex. Illum labore ipsum expedita omnis voluptatem. Enim tempora voluptatem consectetur veniam aliquid eum explicabo.', 0, 1, 1, '1983-05-28 14:41:55');
INSERT INTO `messages` (`id`, `from_user_id`, `to_user_id`, `body`, `is_important`, `is_delivered`, `is_deleted`, `created_at`) VALUES (15, 15, 14, 'Labore autem voluptatem cupiditate fugiat ullam rem tenetur. Dolore dolore vel consequatur voluptatum praesentium sed officia. Reprehenderit ullam quo fugiat autem autem a.', 1, 0, 1, '1994-04-30 21:35:12');
INSERT INTO `messages` (`id`, `from_user_id`, `to_user_id`, `body`, `is_important`, `is_delivered`, `is_deleted`, `created_at`) VALUES (16, 16, 49, 'Voluptatibus enim reprehenderit ut consequuntur voluptatum dolores non. Sunt et dolore quis similique culpa occaecati quis perferendis. Nemo rerum reprehenderit autem ut quaerat. Accusantium doloribus asperiores natus nisi et eos est.', 0, 1, 0, '1989-10-02 16:27:09');
INSERT INTO `messages` (`id`, `from_user_id`, `to_user_id`, `body`, `is_important`, `is_delivered`, `is_deleted`, `created_at`) VALUES (17, 17, 31, 'Ut aspernatur molestiae animi omnis. Praesentium porro tempore ipsum ea quos. Qui eius dolorum sapiente est. Esse et nulla odit aperiam itaque eaque.', 0, 1, 0, '2016-10-07 19:48:30');
INSERT INTO `messages` (`id`, `from_user_id`, `to_user_id`, `body`, `is_important`, `is_delivered`, `is_deleted`, `created_at`) VALUES (18, 18, 70, 'Vel eos sapiente id nobis in dicta quasi. Dolores esse aut at harum. At eum voluptas omnis repellat tenetur. Ea necessitatibus facere magnam voluptatem.', 0, 1, 1, '2009-11-25 22:39:46');
INSERT INTO `messages` (`id`, `from_user_id`, `to_user_id`, `body`, `is_important`, `is_delivered`, `is_deleted`, `created_at`) VALUES (19, 19, 63, 'Vitae rerum molestias quis perspiciatis assumenda velit aut aut. Autem pariatur maxime dolore debitis laborum natus facere. Omnis magni occaecati consequuntur consequatur. Adipisci ducimus odit qui deserunt quaerat.', 0, 0, 0, '1987-06-22 11:51:27');
INSERT INTO `messages` (`id`, `from_user_id`, `to_user_id`, `body`, `is_important`, `is_delivered`, `is_deleted`, `created_at`) VALUES (20, 20, 55, 'Dolorem laborum qui vero ipsam exercitationem eligendi et. Officiis ut culpa aperiam labore officia mollitia veniam. Aut est expedita eos non rem. Velit suscipit est iusto veritatis est est.', 0, 1, 0, '2013-08-11 11:02:37');
INSERT INTO `messages` (`id`, `from_user_id`, `to_user_id`, `body`, `is_important`, `is_delivered`, `is_deleted`, `created_at`) VALUES (21, 21, 20, 'Veniam deleniti voluptatem ipsam. Quia tempora iusto nostrum ratione ad enim. Quis non ut quos impedit.', 0, 1, 0, '1997-05-28 14:40:12');
INSERT INTO `messages` (`id`, `from_user_id`, `to_user_id`, `body`, `is_important`, `is_delivered`, `is_deleted`, `created_at`) VALUES (22, 22, 31, 'Eum quia qui eum ipsum. Molestiae fugiat voluptatem quae et facere. Exercitationem maiores dolor accusamus debitis.', 1, 1, 1, '2006-12-17 05:54:23');
INSERT INTO `messages` (`id`, `from_user_id`, `to_user_id`, `body`, `is_important`, `is_delivered`, `is_deleted`, `created_at`) VALUES (23, 23, 2, 'Eaque quibusdam esse natus assumenda at. Enim vitae laudantium alias accusantium a et illo asperiores. Nesciunt autem rerum id maxime deleniti in.', 0, 0, 0, '2019-01-27 20:27:57');
INSERT INTO `messages` (`id`, `from_user_id`, `to_user_id`, `body`, `is_important`, `is_delivered`, `is_deleted`, `created_at`) VALUES (24, 24, 61, 'Placeat eius non libero. Iure praesentium eos vero voluptas adipisci. Excepturi voluptatem itaque explicabo quia officia. Quis eius distinctio incidunt laboriosam vel rem.', 0, 1, 0, '1973-02-06 21:14:59');
INSERT INTO `messages` (`id`, `from_user_id`, `to_user_id`, `body`, `is_important`, `is_delivered`, `is_deleted`, `created_at`) VALUES (25, 25, 87, 'Numquam et similique enim rem amet eum. Aut numquam aliquam minus voluptatem eum ipsam porro. Nemo nulla magni qui et.', 0, 1, 1, '2018-03-28 23:21:48');
INSERT INTO `messages` (`id`, `from_user_id`, `to_user_id`, `body`, `is_important`, `is_delivered`, `is_deleted`, `created_at`) VALUES (26, 26, 56, 'Omnis quo iusto eum ad cum culpa nostrum. Id exercitationem voluptatem ex voluptate aut dicta voluptatem vel. Veritatis est qui nam nisi qui. Vel repellat nobis sapiente quia excepturi ut similique.', 1, 1, 1, '2008-01-02 21:49:45');
INSERT INTO `messages` (`id`, `from_user_id`, `to_user_id`, `body`, `is_important`, `is_delivered`, `is_deleted`, `created_at`) VALUES (27, 27, 19, 'Aut quia ut quod consequatur. Quo aspernatur animi rerum quisquam sequi dolorum. Voluptas non hic pariatur aperiam aperiam aliquid. Sapiente molestiae dolore et omnis iusto doloribus.', 1, 0, 1, '1972-04-17 18:07:19');
INSERT INTO `messages` (`id`, `from_user_id`, `to_user_id`, `body`, `is_important`, `is_delivered`, `is_deleted`, `created_at`) VALUES (28, 28, 42, 'Vitae in voluptatem qui odio molestiae omnis. Numquam commodi laborum vel. Velit cum veritatis natus nobis. Quo nihil tempora officiis numquam rerum enim molestiae.', 1, 1, 1, '1973-09-26 05:32:02');
INSERT INTO `messages` (`id`, `from_user_id`, `to_user_id`, `body`, `is_important`, `is_delivered`, `is_deleted`, `created_at`) VALUES (29, 29, 40, 'Quos qui beatae sequi architecto. Ratione cumque doloremque aut voluptatum. Ut in beatae repudiandae rerum veritatis facere.', 0, 1, 1, '1981-03-17 05:09:48');
INSERT INTO `messages` (`id`, `from_user_id`, `to_user_id`, `body`, `is_important`, `is_delivered`, `is_deleted`, `created_at`) VALUES (30, 30, 30, 'Perferendis harum dignissimos porro assumenda officia nihil. Tempora ex modi vel tempora. Et culpa excepturi iste. Repellendus voluptatum iure velit quidem.', 0, 1, 0, '1986-06-03 08:24:51');
INSERT INTO `messages` (`id`, `from_user_id`, `to_user_id`, `body`, `is_important`, `is_delivered`, `is_deleted`, `created_at`) VALUES (31, 31, 99, 'Amet ipsam sunt voluptas quod. Ut quaerat eius est et tenetur excepturi doloribus quia. Fuga corporis cupiditate natus voluptas qui commodi fuga.', 0, 1, 0, '1973-06-13 15:14:35');
INSERT INTO `messages` (`id`, `from_user_id`, `to_user_id`, `body`, `is_important`, `is_delivered`, `is_deleted`, `created_at`) VALUES (32, 32, 29, 'Quisquam dicta ut ab aut qui. Beatae ex nihil beatae dolores consequatur. Tenetur natus deleniti harum doloremque perspiciatis quia aut. Molestias reiciendis maiores perspiciatis quas.', 0, 1, 1, '2014-11-21 15:55:40');
INSERT INTO `messages` (`id`, `from_user_id`, `to_user_id`, `body`, `is_important`, `is_delivered`, `is_deleted`, `created_at`) VALUES (33, 33, 30, 'Ea velit consequatur ea. Est rerum delectus ea corrupti omnis nisi delectus. Ut debitis consectetur est ut nemo sapiente. Ea et accusamus vel autem accusamus. Eum quia odio et doloremque consectetur assumenda quibusdam.', 0, 1, 1, '1976-06-02 00:08:58');
INSERT INTO `messages` (`id`, `from_user_id`, `to_user_id`, `body`, `is_important`, `is_delivered`, `is_deleted`, `created_at`) VALUES (34, 34, 74, 'Possimus iste voluptatum et qui odit aliquam quas. Sint eaque placeat iure harum veniam dolorem.', 0, 0, 0, '1980-07-01 13:31:24');
INSERT INTO `messages` (`id`, `from_user_id`, `to_user_id`, `body`, `is_important`, `is_delivered`, `is_deleted`, `created_at`) VALUES (35, 35, 4, 'Voluptatem qui reprehenderit odit est temporibus reiciendis aliquam. Blanditiis eius sapiente voluptatibus tempore qui corporis inventore. Dolores illo laudantium fugiat quod.', 1, 1, 1, '1974-02-10 02:07:23');
INSERT INTO `messages` (`id`, `from_user_id`, `to_user_id`, `body`, `is_important`, `is_delivered`, `is_deleted`, `created_at`) VALUES (36, 36, 27, 'Ducimus qui dolorum optio sequi quis. Consequuntur doloremque aut dolor qui enim dolorem. In pariatur blanditiis incidunt error facere molestiae labore nostrum. Molestiae doloribus voluptate consectetur laudantium quos.', 0, 0, 1, '1995-10-10 06:43:03');
INSERT INTO `messages` (`id`, `from_user_id`, `to_user_id`, `body`, `is_important`, `is_delivered`, `is_deleted`, `created_at`) VALUES (37, 37, 30, 'Itaque sequi consequatur vel neque vitae. Dolorum illum sunt ex. Quae est cum enim rem alias blanditiis quia. Autem porro consequatur quibusdam est.', 0, 0, 1, '1974-05-19 21:00:47');
INSERT INTO `messages` (`id`, `from_user_id`, `to_user_id`, `body`, `is_important`, `is_delivered`, `is_deleted`, `created_at`) VALUES (38, 38, 79, 'Omnis delectus cum doloribus est. Est ex est nobis quidem eum sit. Dicta soluta aut tempora possimus architecto est facilis.', 0, 1, 1, '1988-07-18 09:29:36');
INSERT INTO `messages` (`id`, `from_user_id`, `to_user_id`, `body`, `is_important`, `is_delivered`, `is_deleted`, `created_at`) VALUES (39, 39, 94, 'Culpa cumque qui non dolores rem et. Et commodi ut magni nihil qui. Distinctio blanditiis dicta nisi accusantium tenetur. Veniam voluptas error magnam cum quibusdam quo.', 1, 1, 0, '1987-07-25 13:08:13');
INSERT INTO `messages` (`id`, `from_user_id`, `to_user_id`, `body`, `is_important`, `is_delivered`, `is_deleted`, `created_at`) VALUES (40, 40, 37, 'Possimus temporibus veritatis adipisci veniam sapiente sed. Ipsam quae ratione minima aut autem. Quis eveniet et ea qui ut. Deleniti ea velit sequi est molestiae dolores consectetur.', 1, 1, 0, '2019-05-26 19:49:22');
INSERT INTO `messages` (`id`, `from_user_id`, `to_user_id`, `body`, `is_important`, `is_delivered`, `is_deleted`, `created_at`) VALUES (41, 41, 4, 'Perferendis est eum omnis magnam sed officiis accusamus. Nobis at aut ab. Ea quaerat recusandae occaecati.', 1, 0, 1, '2004-04-30 04:17:42');
INSERT INTO `messages` (`id`, `from_user_id`, `to_user_id`, `body`, `is_important`, `is_delivered`, `is_deleted`, `created_at`) VALUES (42, 42, 91, 'Adipisci repellendus sit consectetur autem minus blanditiis natus. Corrupti nulla ullam omnis illo perferendis itaque. Aut voluptatem quaerat nostrum sint quae incidunt soluta aut. Dignissimos occaecati iure aliquid quis rerum.', 1, 1, 0, '1976-02-28 12:23:26');
INSERT INTO `messages` (`id`, `from_user_id`, `to_user_id`, `body`, `is_important`, `is_delivered`, `is_deleted`, `created_at`) VALUES (43, 43, 64, 'Et nihil nesciunt sed libero dolor. Nemo non occaecati aperiam occaecati dolorem illum. Rem odit sit laboriosam recusandae soluta recusandae. Eum pariatur velit consequatur quis optio a.', 0, 0, 1, '1984-09-09 20:29:58');
INSERT INTO `messages` (`id`, `from_user_id`, `to_user_id`, `body`, `is_important`, `is_delivered`, `is_deleted`, `created_at`) VALUES (44, 44, 72, 'Beatae autem repellendus soluta ut similique vero corrupti. Nesciunt sint placeat exercitationem aspernatur. Et maxime nihil modi delectus sit culpa veniam.', 1, 0, 0, '1977-01-09 10:43:00');
INSERT INTO `messages` (`id`, `from_user_id`, `to_user_id`, `body`, `is_important`, `is_delivered`, `is_deleted`, `created_at`) VALUES (45, 45, 99, 'Modi rerum totam tenetur ratione autem quia esse. Ullam libero atque soluta qui. Dolorem amet qui qui facere.', 1, 1, 1, '1979-06-13 21:17:15');
INSERT INTO `messages` (`id`, `from_user_id`, `to_user_id`, `body`, `is_important`, `is_delivered`, `is_deleted`, `created_at`) VALUES (46, 46, 33, 'Qui vitae a voluptas aliquid eligendi et accusantium. Et nobis rerum ex. Qui quaerat nihil eveniet dolor. Iure libero omnis ducimus assumenda libero laborum.', 1, 1, 0, '1993-01-11 10:11:04');
INSERT INTO `messages` (`id`, `from_user_id`, `to_user_id`, `body`, `is_important`, `is_delivered`, `is_deleted`, `created_at`) VALUES (47, 47, 44, 'Nisi voluptates laudantium nihil consequatur aut. Eos delectus fugit cupiditate soluta. Delectus tenetur quis aspernatur esse aut mollitia.', 1, 0, 1, '1980-04-03 07:57:51');
INSERT INTO `messages` (`id`, `from_user_id`, `to_user_id`, `body`, `is_important`, `is_delivered`, `is_deleted`, `created_at`) VALUES (48, 48, 96, 'Nobis dolores ducimus doloremque molestias. Possimus at sapiente accusantium. Numquam qui earum aliquid asperiores quibusdam sint. Et omnis eaque nostrum adipisci.', 0, 1, 0, '2013-04-23 21:02:35');
INSERT INTO `messages` (`id`, `from_user_id`, `to_user_id`, `body`, `is_important`, `is_delivered`, `is_deleted`, `created_at`) VALUES (49, 49, 46, 'Et qui minima ut sapiente non. Optio iste cum aut non consequatur ratione. Doloribus dolorem ipsam ipsum labore perspiciatis in.', 1, 1, 1, '1989-05-18 10:28:54');
INSERT INTO `messages` (`id`, `from_user_id`, `to_user_id`, `body`, `is_important`, `is_delivered`, `is_deleted`, `created_at`) VALUES (50, 50, 5, 'Veritatis delectus et reiciendis sunt saepe. Est ipsum culpa omnis rerum voluptatum ex. Non tempora quia quos vel ad fugit. Modi consequatur facilis vel.', 0, 1, 0, '1993-01-29 05:43:31');
INSERT INTO `messages` (`id`, `from_user_id`, `to_user_id`, `body`, `is_important`, `is_delivered`, `is_deleted`, `created_at`) VALUES (51, 51, 16, 'Voluptatem quae mollitia impedit provident commodi. Quia omnis qui deleniti rerum aliquam delectus recusandae aut. Quo ratione tempore et inventore ab corrupti.', 0, 0, 1, '1988-11-30 12:30:36');
INSERT INTO `messages` (`id`, `from_user_id`, `to_user_id`, `body`, `is_important`, `is_delivered`, `is_deleted`, `created_at`) VALUES (52, 52, 50, 'Aut optio accusantium quia non aut. Ipsa ut ex aspernatur hic qui molestias et. Praesentium et ab deserunt occaecati eum magnam quasi. Quia commodi et facere ut sint omnis quia.', 1, 0, 1, '2005-08-04 00:34:52');
INSERT INTO `messages` (`id`, `from_user_id`, `to_user_id`, `body`, `is_important`, `is_delivered`, `is_deleted`, `created_at`) VALUES (53, 53, 46, 'Itaque animi quam ipsam. Nobis et esse culpa quia quidem qui. Maxime corrupti iusto vero. Exercitationem doloribus velit facilis.', 0, 1, 1, '1992-08-16 04:29:47');
INSERT INTO `messages` (`id`, `from_user_id`, `to_user_id`, `body`, `is_important`, `is_delivered`, `is_deleted`, `created_at`) VALUES (54, 54, 37, 'Reprehenderit accusantium ipsum neque quam soluta aperiam. Veritatis qui autem numquam. Velit est necessitatibus amet animi repellendus quo ratione.', 0, 1, 0, '2019-01-28 16:13:37');
INSERT INTO `messages` (`id`, `from_user_id`, `to_user_id`, `body`, `is_important`, `is_delivered`, `is_deleted`, `created_at`) VALUES (55, 55, 30, 'Repudiandae sunt eum id quidem et et. Adipisci est ipsa quia quisquam. Eos sit commodi eligendi consectetur.', 1, 1, 0, '2002-07-06 20:46:26');
INSERT INTO `messages` (`id`, `from_user_id`, `to_user_id`, `body`, `is_important`, `is_delivered`, `is_deleted`, `created_at`) VALUES (56, 56, 83, 'Est non voluptate explicabo rerum. Cumque rem soluta deserunt vitae in veniam ipsa laudantium. Hic debitis eveniet est quae quas.', 1, 0, 1, '1996-09-24 21:43:16');
INSERT INTO `messages` (`id`, `from_user_id`, `to_user_id`, `body`, `is_important`, `is_delivered`, `is_deleted`, `created_at`) VALUES (57, 57, 70, 'Voluptas perspiciatis accusantium fuga iure. Aut perspiciatis deleniti impedit quis. Est odio id esse et.', 0, 1, 1, '2002-05-16 05:25:09');
INSERT INTO `messages` (`id`, `from_user_id`, `to_user_id`, `body`, `is_important`, `is_delivered`, `is_deleted`, `created_at`) VALUES (58, 58, 83, 'Dicta ipsum possimus itaque. Sed accusantium modi et aliquid ut. Qui ea neque voluptas facilis in autem. Tenetur ut et magnam qui.', 1, 1, 0, '1972-07-23 21:31:28');
INSERT INTO `messages` (`id`, `from_user_id`, `to_user_id`, `body`, `is_important`, `is_delivered`, `is_deleted`, `created_at`) VALUES (59, 59, 61, 'Expedita repellendus id qui id aut est sed provident. Quisquam tenetur nisi ad aliquam quod ratione. Impedit labore sequi vel qui voluptatem.', 0, 1, 0, '1990-06-08 00:29:30');
INSERT INTO `messages` (`id`, `from_user_id`, `to_user_id`, `body`, `is_important`, `is_delivered`, `is_deleted`, `created_at`) VALUES (60, 60, 68, 'Vero et tempore occaecati. Nihil blanditiis minima ipsum et. Ut blanditiis laboriosam voluptas doloribus similique.', 1, 0, 0, '2015-02-22 05:11:31');
INSERT INTO `messages` (`id`, `from_user_id`, `to_user_id`, `body`, `is_important`, `is_delivered`, `is_deleted`, `created_at`) VALUES (61, 61, 97, 'Officia veniam voluptatem et consequatur necessitatibus aspernatur dolorum. Deleniti dolorem ratione dolor eveniet soluta quia praesentium. Et ea perferendis non autem et.', 1, 0, 0, '2015-06-02 21:31:48');
INSERT INTO `messages` (`id`, `from_user_id`, `to_user_id`, `body`, `is_important`, `is_delivered`, `is_deleted`, `created_at`) VALUES (62, 62, 6, 'Aut quas dolores itaque dolorem. Sunt nam et quidem qui ut vel. At dolores sint a aut provident. Quae odit doloribus non magnam sit est.', 0, 0, 1, '2010-11-20 18:45:01');
INSERT INTO `messages` (`id`, `from_user_id`, `to_user_id`, `body`, `is_important`, `is_delivered`, `is_deleted`, `created_at`) VALUES (63, 63, 73, 'Nesciunt earum explicabo cupiditate aut libero. Eum recusandae beatae tempora rem qui eius sit. Rem qui facilis enim dolores.', 0, 0, 0, '2008-03-27 13:33:41');
INSERT INTO `messages` (`id`, `from_user_id`, `to_user_id`, `body`, `is_important`, `is_delivered`, `is_deleted`, `created_at`) VALUES (64, 64, 89, 'Et nihil distinctio corporis architecto dolore voluptatem. Eos et qui quasi maxime accusamus dolor. Deserunt natus ducimus aspernatur quos qui. Ipsum necessitatibus quod consequatur repellendus delectus.', 0, 0, 0, '1974-10-24 19:35:12');
INSERT INTO `messages` (`id`, `from_user_id`, `to_user_id`, `body`, `is_important`, `is_delivered`, `is_deleted`, `created_at`) VALUES (65, 65, 3, 'Accusantium rerum tempore repudiandae optio neque vero necessitatibus laudantium. Rerum ea et et saepe rerum saepe praesentium. Eos sequi possimus facilis omnis dolore.', 1, 0, 1, '2002-07-10 14:20:15');
INSERT INTO `messages` (`id`, `from_user_id`, `to_user_id`, `body`, `is_important`, `is_delivered`, `is_deleted`, `created_at`) VALUES (66, 66, 48, 'Vel ab est earum laudantium. Laborum maiores perferendis distinctio exercitationem molestiae similique incidunt. Optio voluptatem accusantium laborum deserunt et beatae. Voluptas et reprehenderit neque delectus.', 1, 0, 1, '1997-07-14 13:46:27');
INSERT INTO `messages` (`id`, `from_user_id`, `to_user_id`, `body`, `is_important`, `is_delivered`, `is_deleted`, `created_at`) VALUES (67, 67, 19, 'Alias perferendis quibusdam voluptatibus quaerat tempora. Placeat delectus cum vero quam repellendus eligendi inventore.', 1, 0, 1, '1989-04-25 22:29:28');
INSERT INTO `messages` (`id`, `from_user_id`, `to_user_id`, `body`, `is_important`, `is_delivered`, `is_deleted`, `created_at`) VALUES (68, 68, 55, 'Eaque non in nulla et consequatur dolorem ut. Maxime reprehenderit quam est dolore unde eos quis optio. Recusandae inventore qui quidem aperiam et. Officiis deserunt nemo sapiente cum exercitationem voluptas et.', 1, 0, 0, '2011-04-09 07:44:17');
INSERT INTO `messages` (`id`, `from_user_id`, `to_user_id`, `body`, `is_important`, `is_delivered`, `is_deleted`, `created_at`) VALUES (69, 69, 18, 'Saepe nisi a neque delectus. Consequatur error tenetur voluptas aut veniam officiis. Est laborum qui non sit qui qui sed. Voluptatibus excepturi dolores quo.', 0, 0, 0, '1986-12-31 00:13:48');
INSERT INTO `messages` (`id`, `from_user_id`, `to_user_id`, `body`, `is_important`, `is_delivered`, `is_deleted`, `created_at`) VALUES (70, 70, 14, 'Asperiores quae provident dolore natus. Eligendi earum necessitatibus mollitia dolor dolor quo alias enim.', 0, 0, 0, '2014-05-03 17:04:37');
INSERT INTO `messages` (`id`, `from_user_id`, `to_user_id`, `body`, `is_important`, `is_delivered`, `is_deleted`, `created_at`) VALUES (71, 71, 43, 'Qui est suscipit molestiae tempora sit dolor quis. Alias quasi cum beatae molestias. Reiciendis consequuntur exercitationem vel quod quisquam ab repellendus.', 0, 1, 0, '1989-03-09 10:03:40');
INSERT INTO `messages` (`id`, `from_user_id`, `to_user_id`, `body`, `is_important`, `is_delivered`, `is_deleted`, `created_at`) VALUES (72, 72, 90, 'Fugiat deleniti enim occaecati aut. Voluptates quidem voluptatem eum fugit qui qui. Cumque accusamus eos sunt ipsa. Quia voluptatum non maxime dolore. Dignissimos porro nisi sit qui.', 1, 1, 0, '1987-05-21 18:36:24');
INSERT INTO `messages` (`id`, `from_user_id`, `to_user_id`, `body`, `is_important`, `is_delivered`, `is_deleted`, `created_at`) VALUES (73, 73, 38, 'Impedit itaque corrupti quia. Mollitia est deserunt quo qui.', 0, 0, 1, '2017-02-05 14:33:20');
INSERT INTO `messages` (`id`, `from_user_id`, `to_user_id`, `body`, `is_important`, `is_delivered`, `is_deleted`, `created_at`) VALUES (74, 74, 47, 'Atque error et doloribus voluptate ducimus natus. Qui vitae dolor nesciunt error ipsa sed velit sunt. Cumque deleniti minus et.', 1, 0, 1, '1997-06-16 23:52:06');
INSERT INTO `messages` (`id`, `from_user_id`, `to_user_id`, `body`, `is_important`, `is_delivered`, `is_deleted`, `created_at`) VALUES (75, 75, 13, 'Deleniti molestiae eveniet officia deserunt cupiditate maiores. Sunt esse libero vel nostrum ipsum nesciunt debitis. Magni impedit ipsam nisi velit.', 1, 1, 1, '1985-07-26 19:02:24');
INSERT INTO `messages` (`id`, `from_user_id`, `to_user_id`, `body`, `is_important`, `is_delivered`, `is_deleted`, `created_at`) VALUES (76, 76, 58, 'Autem ut atque porro blanditiis esse aut. Consequuntur perferendis quia qui est illum consequuntur. Deserunt vel repellat necessitatibus quis nostrum sed.', 1, 0, 1, '1989-05-31 06:33:11');
INSERT INTO `messages` (`id`, `from_user_id`, `to_user_id`, `body`, `is_important`, `is_delivered`, `is_deleted`, `created_at`) VALUES (77, 77, 61, 'Sed voluptatem quis assumenda. Et repudiandae non tenetur qui aliquid voluptas. Incidunt unde nemo enim et. Eius consequatur atque earum illum.', 0, 0, 0, '2011-10-05 15:21:24');
INSERT INTO `messages` (`id`, `from_user_id`, `to_user_id`, `body`, `is_important`, `is_delivered`, `is_deleted`, `created_at`) VALUES (78, 78, 96, 'Et quam expedita eligendi. Sunt vel error perferendis ipsa ut ratione. Molestiae nihil quisquam adipisci aut.', 0, 0, 0, '1999-08-07 06:29:41');
INSERT INTO `messages` (`id`, `from_user_id`, `to_user_id`, `body`, `is_important`, `is_delivered`, `is_deleted`, `created_at`) VALUES (79, 79, 62, 'Quis provident vitae saepe illum magnam. Quas natus dolorem rerum nisi magnam magni. Quisquam adipisci sapiente recusandae dolorum est inventore voluptatem.', 1, 0, 1, '1984-06-04 01:36:57');
INSERT INTO `messages` (`id`, `from_user_id`, `to_user_id`, `body`, `is_important`, `is_delivered`, `is_deleted`, `created_at`) VALUES (80, 80, 93, 'Dicta consequatur ab quibusdam quasi nulla molestiae eos excepturi. Laudantium iste officiis non voluptatem. Repudiandae eveniet dolores rem vel quaerat rerum laboriosam qui.', 0, 0, 1, '1971-09-10 23:26:49');
INSERT INTO `messages` (`id`, `from_user_id`, `to_user_id`, `body`, `is_important`, `is_delivered`, `is_deleted`, `created_at`) VALUES (81, 81, 2, 'Eligendi libero excepturi nesciunt iste ipsum. Quidem ducimus et asperiores reiciendis eius. Non aliquid optio eum aliquid fuga et in. Eum doloremque dolorem perspiciatis ut.', 1, 0, 1, '2000-10-30 04:41:59');
INSERT INTO `messages` (`id`, `from_user_id`, `to_user_id`, `body`, `is_important`, `is_delivered`, `is_deleted`, `created_at`) VALUES (82, 82, 58, 'Amet quae ullam temporibus ipsum labore cum officiis. Beatae sequi rerum quis odio qui similique.', 0, 1, 1, '2001-03-29 19:10:27');
INSERT INTO `messages` (`id`, `from_user_id`, `to_user_id`, `body`, `is_important`, `is_delivered`, `is_deleted`, `created_at`) VALUES (83, 83, 82, 'Maxime molestiae ducimus sint quis ratione qui. Nihil voluptas fuga voluptatum recusandae est. Et sint sit et asperiores praesentium qui. Dolor perferendis sunt quod quasi nostrum laborum.', 1, 1, 1, '2012-03-02 16:55:24');
INSERT INTO `messages` (`id`, `from_user_id`, `to_user_id`, `body`, `is_important`, `is_delivered`, `is_deleted`, `created_at`) VALUES (84, 84, 46, 'Deserunt quia qui ullam et dolore quo. Sunt explicabo voluptatibus perspiciatis et officia non. Ea distinctio officiis molestias voluptatem.', 1, 1, 1, '2012-05-03 20:49:31');
INSERT INTO `messages` (`id`, `from_user_id`, `to_user_id`, `body`, `is_important`, `is_delivered`, `is_deleted`, `created_at`) VALUES (85, 85, 1, 'Quas odit aut eum placeat. Rem recusandae qui amet nobis. Nemo ut sed error et quia. Dolores hic excepturi atque quam ad.', 1, 1, 0, '2010-07-10 11:38:00');
INSERT INTO `messages` (`id`, `from_user_id`, `to_user_id`, `body`, `is_important`, `is_delivered`, `is_deleted`, `created_at`) VALUES (86, 86, 25, 'Neque ea voluptas non est voluptas. Voluptatem ut cum laudantium consequatur voluptatem. Nisi alias magni in ut consequuntur. Autem asperiores quo totam optio sint.', 1, 0, 1, '1994-04-25 00:18:46');
INSERT INTO `messages` (`id`, `from_user_id`, `to_user_id`, `body`, `is_important`, `is_delivered`, `is_deleted`, `created_at`) VALUES (87, 87, 88, 'A ipsa enim inventore doloribus occaecati. Atque iure illo quia praesentium quis. Harum illo et officia natus.', 0, 0, 1, '1999-06-13 09:29:48');
INSERT INTO `messages` (`id`, `from_user_id`, `to_user_id`, `body`, `is_important`, `is_delivered`, `is_deleted`, `created_at`) VALUES (88, 88, 23, 'Sit qui et quia blanditiis est necessitatibus ut. Cupiditate omnis ipsam rem temporibus aut quisquam. Dolor praesentium nesciunt accusantium sunt corporis totam alias. Voluptatum velit aut ducimus rerum dolorem id.', 0, 0, 1, '1986-08-15 07:14:34');
INSERT INTO `messages` (`id`, `from_user_id`, `to_user_id`, `body`, `is_important`, `is_delivered`, `is_deleted`, `created_at`) VALUES (89, 89, 92, 'Amet ratione aliquam voluptatem at sed blanditiis molestias. Omnis culpa numquam cum tempora dolores. Ut sed blanditiis sunt sunt sequi dicta non dolorem.', 0, 0, 1, '1980-05-01 11:24:28');
INSERT INTO `messages` (`id`, `from_user_id`, `to_user_id`, `body`, `is_important`, `is_delivered`, `is_deleted`, `created_at`) VALUES (90, 90, 84, 'Quia aperiam veniam ut fuga distinctio sit numquam cupiditate. Esse consequatur libero eius aut qui iste. Aut aperiam mollitia architecto natus.', 1, 1, 1, '1978-11-15 18:57:06');
INSERT INTO `messages` (`id`, `from_user_id`, `to_user_id`, `body`, `is_important`, `is_delivered`, `is_deleted`, `created_at`) VALUES (91, 91, 84, 'Inventore aut incidunt sed. Cupiditate enim minus blanditiis rem atque iure possimus. Architecto beatae consequatur adipisci ratione blanditiis dolore ut. Iure labore consequatur non velit occaecati amet. Dolorem excepturi ipsa accusantium aut quos.', 0, 0, 0, '1988-02-15 16:09:09');
INSERT INTO `messages` (`id`, `from_user_id`, `to_user_id`, `body`, `is_important`, `is_delivered`, `is_deleted`, `created_at`) VALUES (92, 92, 96, 'In sed corporis voluptatem corrupti non perferendis officiis. Officiis et officiis reiciendis reprehenderit aperiam est modi id. Tenetur non quo aut unde ipsa nihil. Quidem molestiae minus ea magni dicta. Corrupti et magnam dolore eaque aut.', 0, 0, 0, '1987-06-27 00:08:56');
INSERT INTO `messages` (`id`, `from_user_id`, `to_user_id`, `body`, `is_important`, `is_delivered`, `is_deleted`, `created_at`) VALUES (93, 93, 36, 'Et ipsam est quisquam sequi eum consectetur velit. Autem mollitia eum qui aut. Rerum voluptate repudiandae et dolor.', 1, 0, 0, '1975-03-17 22:44:49');
INSERT INTO `messages` (`id`, `from_user_id`, `to_user_id`, `body`, `is_important`, `is_delivered`, `is_deleted`, `created_at`) VALUES (94, 94, 86, 'Neque et error cum impedit quibusdam fugiat occaecati. Est maiores libero asperiores qui quia asperiores quibusdam. Non et adipisci optio.', 1, 0, 1, '1972-10-11 15:21:47');
INSERT INTO `messages` (`id`, `from_user_id`, `to_user_id`, `body`, `is_important`, `is_delivered`, `is_deleted`, `created_at`) VALUES (95, 95, 14, 'Qui ratione consequatur sunt dolor. Accusantium fugiat officiis repellendus dolorem dolores mollitia. Ut ex similique voluptatem quia. Esse quis dolorem voluptatibus pariatur quis.', 1, 1, 1, '1970-01-12 05:55:08');
INSERT INTO `messages` (`id`, `from_user_id`, `to_user_id`, `body`, `is_important`, `is_delivered`, `is_deleted`, `created_at`) VALUES (96, 96, 85, 'Ullam molestias iusto quae velit rerum. A ipsa eos maxime autem quidem officiis nemo. Molestias est molestiae et fuga veritatis enim.', 1, 0, 1, '2008-12-02 07:18:14');
INSERT INTO `messages` (`id`, `from_user_id`, `to_user_id`, `body`, `is_important`, `is_delivered`, `is_deleted`, `created_at`) VALUES (97, 97, 65, 'Ad error perferendis ut assumenda. Quaerat ipsam sed ut. Enim et id sequi maxime.', 0, 1, 0, '1984-09-29 04:04:24');
INSERT INTO `messages` (`id`, `from_user_id`, `to_user_id`, `body`, `is_important`, `is_delivered`, `is_deleted`, `created_at`) VALUES (98, 98, 29, 'Quibusdam rerum omnis velit est sunt. Iste expedita quos aut quidem eius. Praesentium aut culpa possimus ullam suscipit totam aliquid.', 1, 0, 1, '2007-07-14 18:37:30');
INSERT INTO `messages` (`id`, `from_user_id`, `to_user_id`, `body`, `is_important`, `is_delivered`, `is_deleted`, `created_at`) VALUES (99, 99, 68, 'Corporis et laborum consequatur voluptatem repellat libero tenetur voluptas. Placeat distinctio quia veritatis. Recusandae voluptates ex vel saepe magnam cumque perspiciatis.', 0, 0, 1, '1992-06-28 20:05:11');
INSERT INTO `messages` (`id`, `from_user_id`, `to_user_id`, `body`, `is_important`, `is_delivered`, `is_deleted`, `created_at`) VALUES (100, 100, 4, 'Ut dolores nesciunt dolor autem nostrum distinctio consectetur veniam. Voluptas occaecati nobis voluptatem aliquam ipsum ullam sint. Nesciunt et doloremque non ex natus quia quidem. Ad dolorem sit quae ipsam nihil.', 1, 0, 0, '2018-01-17 10:42:39');
INSERT INTO `messages` (`id`, `from_user_id`, `to_user_id`, `body`, `is_important`, `is_delivered`, `is_deleted`, `created_at`) VALUES (101, 1, 66, 'Sit sit architecto ea aut earum quos cupiditate. Dolorem harum ab nobis ut et.', 1, 1, 0, '2016-07-03 20:40:33');
INSERT INTO `messages` (`id`, `from_user_id`, `to_user_id`, `body`, `is_important`, `is_delivered`, `is_deleted`, `created_at`) VALUES (102, 2, 24, 'Hic voluptas est ut consequatur ut consequuntur et. Nihil et dolor qui iste a. Id ipsa tempora perspiciatis ea et possimus vitae.', 1, 0, 0, '2010-11-21 21:03:32');
INSERT INTO `messages` (`id`, `from_user_id`, `to_user_id`, `body`, `is_important`, `is_delivered`, `is_deleted`, `created_at`) VALUES (103, 3, 73, 'Et voluptate nesciunt ullam ut earum aperiam ut. Minus quis occaecati perspiciatis officiis praesentium. Officia illum rerum ipsa eos. Quae explicabo occaecati quasi.', 1, 0, 0, '1993-12-27 08:38:01');
INSERT INTO `messages` (`id`, `from_user_id`, `to_user_id`, `body`, `is_important`, `is_delivered`, `is_deleted`, `created_at`) VALUES (104, 4, 62, 'Deleniti odit dignissimos sit inventore illum distinctio. Commodi quam ea est. Sit et temporibus facilis ut iste et. Iste impedit asperiores dolores eaque nisi.', 0, 0, 0, '1993-01-01 16:55:36');
INSERT INTO `messages` (`id`, `from_user_id`, `to_user_id`, `body`, `is_important`, `is_delivered`, `is_deleted`, `created_at`) VALUES (105, 5, 88, 'Suscipit similique officiis voluptatem vero sunt nihil. Quod dolores corrupti et soluta consectetur rerum et. Quos eos dolor temporibus dolore in quasi.', 1, 1, 1, '2005-03-28 01:34:14');
INSERT INTO `messages` (`id`, `from_user_id`, `to_user_id`, `body`, `is_important`, `is_delivered`, `is_deleted`, `created_at`) VALUES (106, 6, 98, 'Sequi temporibus laboriosam similique laudantium doloribus ad. Amet atque quis quis doloribus esse magni eos delectus. Nulla rem tempora voluptatibus repellendus vitae molestiae. Voluptas error totam officia quod.', 1, 1, 0, '1995-12-30 05:06:39');
INSERT INTO `messages` (`id`, `from_user_id`, `to_user_id`, `body`, `is_important`, `is_delivered`, `is_deleted`, `created_at`) VALUES (107, 7, 45, 'Id similique enim deserunt enim qui sint. Distinctio magnam qui iure provident alias vel. Et sit odio sint et fuga quasi eum ut.', 1, 1, 0, '1988-09-03 08:05:12');
INSERT INTO `messages` (`id`, `from_user_id`, `to_user_id`, `body`, `is_important`, `is_delivered`, `is_deleted`, `created_at`) VALUES (108, 8, 44, 'Architecto possimus porro incidunt quia veniam. Et recusandae rerum omnis. Aliquid ut animi consequatur ratione tempora assumenda nobis. Numquam vel eligendi quod et ut earum.', 0, 0, 1, '1986-02-11 07:41:17');
INSERT INTO `messages` (`id`, `from_user_id`, `to_user_id`, `body`, `is_important`, `is_delivered`, `is_deleted`, `created_at`) VALUES (109, 9, 70, 'Atque ducimus earum amet est voluptatem. Est sapiente ut sed autem expedita numquam neque eligendi. Illo mollitia blanditiis dolorem quasi incidunt nostrum animi. Eum repellat cum voluptatem pariatur doloremque laudantium ea.', 0, 1, 0, '1973-07-25 14:07:44');
INSERT INTO `messages` (`id`, `from_user_id`, `to_user_id`, `body`, `is_important`, `is_delivered`, `is_deleted`, `created_at`) VALUES (110, 10, 57, 'Voluptas asperiores natus necessitatibus magnam atque quos. Rerum omnis quia et cumque earum. Provident accusamus in nostrum porro ut sequi non et. Tempora qui velit enim. Est non necessitatibus fugit quia repudiandae.', 1, 1, 1, '1984-04-18 07:05:45');
INSERT INTO `messages` (`id`, `from_user_id`, `to_user_id`, `body`, `is_important`, `is_delivered`, `is_deleted`, `created_at`) VALUES (111, 11, 13, 'Aut ex odio quia blanditiis nostrum ducimus eligendi. Exercitationem corrupti dolorum qui incidunt quo corporis. Est fuga culpa illum repellat vel. Recusandae et aut labore nisi iure.', 0, 0, 0, '1997-12-21 13:28:35');
INSERT INTO `messages` (`id`, `from_user_id`, `to_user_id`, `body`, `is_important`, `is_delivered`, `is_deleted`, `created_at`) VALUES (112, 12, 92, 'Et velit harum laudantium. Consequuntur sint iusto quasi delectus ipsa. Et id sint qui. Enim dolor explicabo nesciunt deleniti illum.', 1, 0, 1, '1982-07-27 07:22:49');
INSERT INTO `messages` (`id`, `from_user_id`, `to_user_id`, `body`, `is_important`, `is_delivered`, `is_deleted`, `created_at`) VALUES (113, 13, 71, 'Ut iste in reprehenderit est qui tempora voluptas. Voluptatem et et in possimus vero aut in. Eius et est id ipsum et totam mollitia aut.', 1, 0, 1, '2019-09-22 03:55:02');
INSERT INTO `messages` (`id`, `from_user_id`, `to_user_id`, `body`, `is_important`, `is_delivered`, `is_deleted`, `created_at`) VALUES (114, 14, 6, 'Consequatur saepe qui dolorem temporibus possimus mollitia odio. Perspiciatis delectus enim ullam voluptatem dignissimos pariatur. Voluptatem pariatur molestias nesciunt alias magnam cupiditate.', 0, 0, 0, '1974-03-23 20:18:37');
INSERT INTO `messages` (`id`, `from_user_id`, `to_user_id`, `body`, `is_important`, `is_delivered`, `is_deleted`, `created_at`) VALUES (115, 15, 11, 'Qui nisi provident illo. Harum quod et occaecati. Nisi aut debitis quia hic culpa. Pariatur quam fugit voluptatem inventore et et. Quasi hic nihil quis omnis occaecati.', 1, 0, 0, '2001-04-03 05:39:03');
INSERT INTO `messages` (`id`, `from_user_id`, `to_user_id`, `body`, `is_important`, `is_delivered`, `is_deleted`, `created_at`) VALUES (116, 16, 77, 'Voluptas deserunt amet dicta molestiae. Dicta est sunt voluptatem. Velit sint minus maxime sapiente dolor qui sapiente. Sit fuga maiores non sed odio animi eum necessitatibus.', 1, 0, 1, '1980-04-07 23:31:07');
INSERT INTO `messages` (`id`, `from_user_id`, `to_user_id`, `body`, `is_important`, `is_delivered`, `is_deleted`, `created_at`) VALUES (117, 17, 75, 'Laborum vitae alias impedit aliquid iste ea. Dolores voluptatum modi esse voluptas voluptas veniam optio. Exercitationem modi ad adipisci veritatis.', 0, 0, 1, '1989-02-12 07:52:46');
INSERT INTO `messages` (`id`, `from_user_id`, `to_user_id`, `body`, `is_important`, `is_delivered`, `is_deleted`, `created_at`) VALUES (118, 18, 31, 'Ipsam nulla et nobis. Facere amet autem facere laboriosam nam corporis delectus. Earum earum deleniti sit assumenda.', 1, 0, 0, '1997-02-09 04:21:44');
INSERT INTO `messages` (`id`, `from_user_id`, `to_user_id`, `body`, `is_important`, `is_delivered`, `is_deleted`, `created_at`) VALUES (119, 19, 52, 'Nesciunt error ad perspiciatis deserunt et adipisci. Reprehenderit voluptas praesentium ratione in delectus. Eligendi excepturi magnam libero corporis. Cumque iure sint quis non blanditiis id sit.', 0, 0, 1, '2017-06-11 22:22:22');
INSERT INTO `messages` (`id`, `from_user_id`, `to_user_id`, `body`, `is_important`, `is_delivered`, `is_deleted`, `created_at`) VALUES (120, 20, 96, 'Nostrum adipisci eius soluta. Nulla vitae est quae voluptas corrupti est labore enim. Consequatur aliquam ipsum ipsum consequatur deserunt aut quia maxime.', 1, 0, 1, '1978-04-16 12:41:00');
INSERT INTO `messages` (`id`, `from_user_id`, `to_user_id`, `body`, `is_important`, `is_delivered`, `is_deleted`, `created_at`) VALUES (121, 21, 29, 'Ducimus quia repudiandae molestias omnis quod voluptas esse. Ex nisi perspiciatis totam dolorem ab dolorem qui. Minima consequuntur unde dolore mollitia.', 0, 0, 0, '2016-07-15 11:05:42');
INSERT INTO `messages` (`id`, `from_user_id`, `to_user_id`, `body`, `is_important`, `is_delivered`, `is_deleted`, `created_at`) VALUES (122, 22, 70, 'Ut quia et sunt harum voluptates quo esse. Exercitationem accusamus quo enim quod eaque. Officia facere omnis dolores animi commodi enim. Quidem in assumenda officia mollitia sunt ut.', 1, 1, 0, '2011-09-25 04:43:41');
INSERT INTO `messages` (`id`, `from_user_id`, `to_user_id`, `body`, `is_important`, `is_delivered`, `is_deleted`, `created_at`) VALUES (123, 23, 58, 'Laudantium officia voluptatum id ut ut perspiciatis impedit. Consequatur in explicabo enim ipsum. Iste sapiente provident reprehenderit voluptate aut non. Adipisci eveniet odit eum ut commodi et voluptatem illo.', 1, 1, 1, '2006-11-15 23:59:33');
INSERT INTO `messages` (`id`, `from_user_id`, `to_user_id`, `body`, `is_important`, `is_delivered`, `is_deleted`, `created_at`) VALUES (124, 24, 9, 'Et minima consequatur odit unde ea. Voluptate suscipit alias sit molestias dolor id. Atque libero excepturi quis repudiandae ullam nemo dicta iure. Quia at necessitatibus quidem eos ipsum exercitationem quis. Et sapiente sed reprehenderit nisi.', 0, 0, 1, '1997-09-06 22:39:17');
INSERT INTO `messages` (`id`, `from_user_id`, `to_user_id`, `body`, `is_important`, `is_delivered`, `is_deleted`, `created_at`) VALUES (125, 25, 68, 'Et ut nihil dolore eos reiciendis sit nihil. Quia et ab dicta ex. Et sit odit rerum doloribus.', 0, 1, 0, '1977-08-26 21:34:24');
INSERT INTO `messages` (`id`, `from_user_id`, `to_user_id`, `body`, `is_important`, `is_delivered`, `is_deleted`, `created_at`) VALUES (126, 26, 68, 'Velit vel rerum tempore rerum. Quas eum error perferendis sapiente dolor suscipit illo. Commodi iure dolorum velit aut dolores fugiat.', 1, 0, 1, '1992-02-16 17:53:15');
INSERT INTO `messages` (`id`, `from_user_id`, `to_user_id`, `body`, `is_important`, `is_delivered`, `is_deleted`, `created_at`) VALUES (127, 27, 21, 'Saepe quis veniam autem quae. Officia vero sed tempora voluptas. Id impedit eius earum voluptas explicabo.', 1, 0, 0, '1979-03-22 05:29:20');
INSERT INTO `messages` (`id`, `from_user_id`, `to_user_id`, `body`, `is_important`, `is_delivered`, `is_deleted`, `created_at`) VALUES (128, 28, 61, 'Nemo cupiditate nostrum natus rem suscipit. Ex deleniti enim consequatur labore enim omnis. Optio repellendus est nobis. Voluptas quam quas similique voluptatem eos et.', 0, 1, 0, '2016-01-27 22:06:14');
INSERT INTO `messages` (`id`, `from_user_id`, `to_user_id`, `body`, `is_important`, `is_delivered`, `is_deleted`, `created_at`) VALUES (129, 29, 4, 'Quod animi harum quae. Porro nihil hic hic quo. Placeat voluptatibus voluptatem est animi. Dolore temporibus earum error earum architecto aut architecto non.', 0, 1, 1, '1996-03-25 15:56:40');
INSERT INTO `messages` (`id`, `from_user_id`, `to_user_id`, `body`, `is_important`, `is_delivered`, `is_deleted`, `created_at`) VALUES (130, 30, 47, 'Excepturi velit quasi id deserunt autem inventore. Voluptas nihil illum in tempora iste et sed. Facere beatae vel ducimus assumenda enim.', 1, 0, 0, '1971-06-12 07:53:11');
INSERT INTO `messages` (`id`, `from_user_id`, `to_user_id`, `body`, `is_important`, `is_delivered`, `is_deleted`, `created_at`) VALUES (131, 31, 60, 'Veritatis ea quo quis nemo nostrum et. Optio error dolore quis. Ut dolor unde similique minus enim molestiae perspiciatis dolorem. Voluptate hic autem dolores unde cum.', 0, 0, 1, '1972-04-29 01:17:33');
INSERT INTO `messages` (`id`, `from_user_id`, `to_user_id`, `body`, `is_important`, `is_delivered`, `is_deleted`, `created_at`) VALUES (132, 32, 9, 'Totam eum assumenda consequuntur corrupti sint accusamus. Voluptatem nisi quidem unde necessitatibus blanditiis.', 1, 1, 1, '1973-09-07 21:31:15');
INSERT INTO `messages` (`id`, `from_user_id`, `to_user_id`, `body`, `is_important`, `is_delivered`, `is_deleted`, `created_at`) VALUES (133, 33, 54, 'Corporis porro vel commodi corrupti architecto aliquam est laudantium. Impedit commodi molestiae eum minima enim. Debitis expedita aut officia nam. Error rerum provident distinctio vel tenetur fugiat porro in. Excepturi perspiciatis vitae eaque minima non.', 0, 0, 0, '2006-12-06 11:13:12');
INSERT INTO `messages` (`id`, `from_user_id`, `to_user_id`, `body`, `is_important`, `is_delivered`, `is_deleted`, `created_at`) VALUES (134, 34, 44, 'Ad sequi dolorum qui ipsum sed. Perspiciatis odit tenetur quis quia vel. Nihil sed consequuntur incidunt veniam laudantium. Exercitationem voluptatem repellat nisi placeat adipisci mollitia.', 0, 0, 1, '1999-10-21 05:23:10');
INSERT INTO `messages` (`id`, `from_user_id`, `to_user_id`, `body`, `is_important`, `is_delivered`, `is_deleted`, `created_at`) VALUES (135, 35, 12, 'Est ab doloribus rerum suscipit iure vitae. Aut et in quibusdam ratione aut consequatur dolorum. Eos sed incidunt mollitia qui error. Pariatur alias corrupti ipsa rerum inventore culpa.', 1, 0, 0, '1985-04-21 07:22:16');
INSERT INTO `messages` (`id`, `from_user_id`, `to_user_id`, `body`, `is_important`, `is_delivered`, `is_deleted`, `created_at`) VALUES (136, 36, 11, 'Repellat minima culpa aliquid animi. Modi et praesentium quis fuga. Cupiditate est fugiat omnis omnis officia neque. Exercitationem architecto suscipit rerum quae debitis maxime dolores.', 0, 1, 1, '2014-10-15 06:09:06');
INSERT INTO `messages` (`id`, `from_user_id`, `to_user_id`, `body`, `is_important`, `is_delivered`, `is_deleted`, `created_at`) VALUES (137, 37, 1, 'Ut aut autem neque quod. Pariatur facilis eaque explicabo adipisci. Reiciendis doloribus aperiam iusto dolorum.', 0, 0, 1, '2004-08-26 04:49:34');
INSERT INTO `messages` (`id`, `from_user_id`, `to_user_id`, `body`, `is_important`, `is_delivered`, `is_deleted`, `created_at`) VALUES (138, 38, 49, 'Ipsam sapiente est qui soluta. Molestiae deserunt consequuntur quas excepturi explicabo sit autem. Aut maiores non ratione quos sint. Sequi veritatis ab animi ratione vero ab. Qui tenetur voluptatum harum ipsum.', 1, 0, 0, '2013-03-16 11:14:56');
INSERT INTO `messages` (`id`, `from_user_id`, `to_user_id`, `body`, `is_important`, `is_delivered`, `is_deleted`, `created_at`) VALUES (139, 39, 5, 'Natus quam qui quidem neque dolor. Provident veritatis molestias ipsam quaerat et. Excepturi alias totam qui nemo nisi consequatur possimus. Nesciunt molestiae dolores quis illum.', 1, 0, 1, '1997-03-18 03:35:46');
INSERT INTO `messages` (`id`, `from_user_id`, `to_user_id`, `body`, `is_important`, `is_delivered`, `is_deleted`, `created_at`) VALUES (140, 40, 32, 'Quia et odit reiciendis in. Nam id sit aut nihil. Ipsa atque maiores minus amet nostrum. Officia eveniet nemo possimus vero quia doloremque molestiae.', 0, 1, 0, '1974-04-09 15:56:02');
INSERT INTO `messages` (`id`, `from_user_id`, `to_user_id`, `body`, `is_important`, `is_delivered`, `is_deleted`, `created_at`) VALUES (141, 41, 99, 'Vero nemo totam et sit repellendus et minus. In quas quam sint et. Excepturi excepturi dolores autem. Ut consequatur est rerum quas commodi.', 1, 0, 1, '1974-11-25 06:50:57');
INSERT INTO `messages` (`id`, `from_user_id`, `to_user_id`, `body`, `is_important`, `is_delivered`, `is_deleted`, `created_at`) VALUES (142, 42, 42, 'Quas ut perspiciatis quo. Sit repellendus eum omnis molestiae. Doloribus quia doloribus dolores. Aut aliquid est non non amet.', 0, 0, 0, '2015-08-20 06:41:20');
INSERT INTO `messages` (`id`, `from_user_id`, `to_user_id`, `body`, `is_important`, `is_delivered`, `is_deleted`, `created_at`) VALUES (143, 43, 32, 'Quia doloribus nulla voluptatem asperiores. Illo iste officiis omnis in. A aut cumque consequatur dolore rerum consequatur. Nam temporibus laboriosam accusantium.', 0, 0, 1, '1971-02-01 07:16:47');
INSERT INTO `messages` (`id`, `from_user_id`, `to_user_id`, `body`, `is_important`, `is_delivered`, `is_deleted`, `created_at`) VALUES (144, 44, 50, 'Aspernatur aliquid dolores doloribus dolorum. Rerum molestiae ipsa eveniet officiis. Modi est alias tempore earum saepe sed nihil. Minus consequatur beatae enim saepe.', 0, 0, 1, '1974-06-09 10:59:40');
INSERT INTO `messages` (`id`, `from_user_id`, `to_user_id`, `body`, `is_important`, `is_delivered`, `is_deleted`, `created_at`) VALUES (145, 45, 79, 'Accusamus quod inventore id velit. Aliquam optio ex et et aliquam totam natus. Quos suscipit error sit et delectus perspiciatis. Id aspernatur aliquam voluptatem ut omnis nostrum corrupti. Quia quod earum rerum excepturi.', 1, 1, 1, '1976-12-18 14:29:14');
INSERT INTO `messages` (`id`, `from_user_id`, `to_user_id`, `body`, `is_important`, `is_delivered`, `is_deleted`, `created_at`) VALUES (146, 46, 29, 'Enim omnis et culpa. Et unde voluptatem aut rem et dolorum quis. Blanditiis occaecati rerum et sed quas similique labore. Reiciendis aut a illum eaque ab ad.', 1, 0, 0, '1982-11-16 17:23:12');
INSERT INTO `messages` (`id`, `from_user_id`, `to_user_id`, `body`, `is_important`, `is_delivered`, `is_deleted`, `created_at`) VALUES (147, 47, 92, 'Reiciendis aut voluptates ab voluptatem. Esse quia necessitatibus in nemo et aliquam. Omnis animi porro sed cumque et tempora aut. Ut impedit est id ipsum. Nostrum deleniti quasi asperiores vero consequatur.', 0, 1, 1, '1975-03-03 20:03:40');
INSERT INTO `messages` (`id`, `from_user_id`, `to_user_id`, `body`, `is_important`, `is_delivered`, `is_deleted`, `created_at`) VALUES (148, 48, 31, 'Quae occaecati ullam non aut non autem inventore dolores. Sit reiciendis ut quas rem. Dolorum ut sequi et voluptatem quo est.', 0, 1, 0, '1978-03-22 12:37:39');
INSERT INTO `messages` (`id`, `from_user_id`, `to_user_id`, `body`, `is_important`, `is_delivered`, `is_deleted`, `created_at`) VALUES (149, 49, 39, 'Illum deserunt eligendi rerum quasi. Qui est velit qui reiciendis tempora. Autem sunt eos occaecati quas eveniet fuga porro esse.', 1, 0, 0, '2000-10-06 04:48:09');
INSERT INTO `messages` (`id`, `from_user_id`, `to_user_id`, `body`, `is_important`, `is_delivered`, `is_deleted`, `created_at`) VALUES (150, 50, 79, 'Odio facere voluptatum saepe excepturi. In voluptatem animi recusandae vitae. Enim vel commodi possimus voluptas quam.', 0, 1, 1, '2015-04-23 13:21:43');
INSERT INTO `messages` (`id`, `from_user_id`, `to_user_id`, `body`, `is_important`, `is_delivered`, `is_deleted`, `created_at`) VALUES (151, 51, 5, 'Sunt iusto consequatur tenetur reiciendis. Quia libero sint numquam. Beatae minima eum iste natus.', 0, 1, 0, '2019-09-25 21:31:40');
INSERT INTO `messages` (`id`, `from_user_id`, `to_user_id`, `body`, `is_important`, `is_delivered`, `is_deleted`, `created_at`) VALUES (152, 52, 34, 'Voluptate suscipit consequuntur eligendi cum sed non aliquid. Consequatur libero tempore atque laboriosam sit. Harum amet quis nihil voluptas nihil sit ea.', 0, 0, 1, '1972-07-13 04:33:29');
INSERT INTO `messages` (`id`, `from_user_id`, `to_user_id`, `body`, `is_important`, `is_delivered`, `is_deleted`, `created_at`) VALUES (153, 53, 100, 'Molestiae reprehenderit et cum aut. Quis dolor accusamus ex quasi qui atque.', 1, 1, 1, '1980-01-20 23:04:31');
INSERT INTO `messages` (`id`, `from_user_id`, `to_user_id`, `body`, `is_important`, `is_delivered`, `is_deleted`, `created_at`) VALUES (154, 54, 82, 'Eligendi molestiae eius voluptatum commodi in odio. Omnis necessitatibus eligendi ea dolorem. Sit veniam aut aut voluptatem itaque.', 1, 0, 0, '1985-12-05 16:06:25');
INSERT INTO `messages` (`id`, `from_user_id`, `to_user_id`, `body`, `is_important`, `is_delivered`, `is_deleted`, `created_at`) VALUES (155, 55, 16, 'Et voluptas laborum odio eaque omnis. Et quas dolorum illo doloremque et atque ut consequuntur. Ipsa non voluptas nobis aut laboriosam sed. Sint accusamus occaecati pariatur omnis.', 1, 1, 0, '1985-01-25 14:01:31');
INSERT INTO `messages` (`id`, `from_user_id`, `to_user_id`, `body`, `is_important`, `is_delivered`, `is_deleted`, `created_at`) VALUES (156, 56, 1, 'Reprehenderit expedita magnam ipsam consequuntur aut. Magni non rerum nam ut ullam vitae. Eos odio libero totam nostrum atque. Reprehenderit voluptas quibusdam deleniti.', 1, 0, 1, '2004-02-12 11:24:54');
INSERT INTO `messages` (`id`, `from_user_id`, `to_user_id`, `body`, `is_important`, `is_delivered`, `is_deleted`, `created_at`) VALUES (157, 57, 29, 'Minus quia fugiat nemo consectetur. Molestias sit explicabo nihil labore ut blanditiis qui et. Iste optio atque expedita minima voluptate ipsum asperiores vel. Iste repellat exercitationem illum qui dicta aut est non.', 0, 0, 1, '1977-03-02 00:54:16');
INSERT INTO `messages` (`id`, `from_user_id`, `to_user_id`, `body`, `is_important`, `is_delivered`, `is_deleted`, `created_at`) VALUES (158, 58, 79, 'Vel nostrum quisquam corrupti delectus et ducimus fugiat. Distinctio ea in repellendus ex dicta pariatur. Saepe ipsam in enim vitae consequuntur exercitationem. Optio sapiente magnam culpa voluptatem.', 0, 1, 1, '1997-07-07 13:58:44');
INSERT INTO `messages` (`id`, `from_user_id`, `to_user_id`, `body`, `is_important`, `is_delivered`, `is_deleted`, `created_at`) VALUES (159, 59, 84, 'Placeat voluptas dolores a. Dicta ex aut soluta sed natus optio. Omnis explicabo nihil qui iste quis.', 0, 1, 0, '1983-07-17 15:05:55');
INSERT INTO `messages` (`id`, `from_user_id`, `to_user_id`, `body`, `is_important`, `is_delivered`, `is_deleted`, `created_at`) VALUES (160, 60, 60, 'Quo qui recusandae harum distinctio non. Rerum quas ut nihil unde in ut facilis. Explicabo pariatur rerum at sunt.', 1, 0, 0, '1985-02-16 14:47:18');
INSERT INTO `messages` (`id`, `from_user_id`, `to_user_id`, `body`, `is_important`, `is_delivered`, `is_deleted`, `created_at`) VALUES (161, 61, 6, 'Aut ducimus et facilis temporibus. Fugit excepturi ut accusamus temporibus. Et ipsa aut sed sequi consequatur et. Atque mollitia molestiae voluptas ut eligendi quis non.', 1, 1, 0, '1993-01-30 16:16:08');
INSERT INTO `messages` (`id`, `from_user_id`, `to_user_id`, `body`, `is_important`, `is_delivered`, `is_deleted`, `created_at`) VALUES (162, 62, 6, 'Corporis aspernatur qui earum nisi aut molestiae. Dolores hic distinctio quia maiores ut. Possimus optio error omnis laboriosam corporis. Fugiat hic impedit quisquam placeat sit.', 1, 0, 0, '1983-09-28 00:10:04');
INSERT INTO `messages` (`id`, `from_user_id`, `to_user_id`, `body`, `is_important`, `is_delivered`, `is_deleted`, `created_at`) VALUES (163, 63, 94, 'Ut ut labore molestiae earum in. Laborum dignissimos tenetur est maiores. Quaerat reprehenderit nisi omnis vel veritatis aut sit. Dolorem molestiae et veniam est.', 0, 1, 1, '1988-11-01 22:12:53');
INSERT INTO `messages` (`id`, `from_user_id`, `to_user_id`, `body`, `is_important`, `is_delivered`, `is_deleted`, `created_at`) VALUES (164, 64, 11, 'At porro id voluptatibus expedita et quasi id. Officiis cupiditate sed illo dolores voluptatem saepe ut. Aut voluptatum accusantium qui sed.', 0, 0, 1, '2012-04-20 23:52:38');
INSERT INTO `messages` (`id`, `from_user_id`, `to_user_id`, `body`, `is_important`, `is_delivered`, `is_deleted`, `created_at`) VALUES (165, 65, 11, 'Esse labore nulla dolore provident. Reprehenderit voluptatem id tempora similique fugiat. Impedit alias ut in architecto beatae facilis ea.', 1, 1, 1, '2006-08-24 21:40:27');
INSERT INTO `messages` (`id`, `from_user_id`, `to_user_id`, `body`, `is_important`, `is_delivered`, `is_deleted`, `created_at`) VALUES (166, 66, 9, 'Eos ea nesciunt dolorem dolores repudiandae. Ipsum consectetur voluptatem dolorem culpa. Vitae ut corrupti soluta culpa. Facere animi facilis voluptatem. Qui modi voluptas dolore ex atque.', 0, 1, 0, '2018-02-14 01:54:12');
INSERT INTO `messages` (`id`, `from_user_id`, `to_user_id`, `body`, `is_important`, `is_delivered`, `is_deleted`, `created_at`) VALUES (167, 67, 46, 'Rerum beatae aut qui aut ex nihil ut. Laudantium quo quo aspernatur dolor quam iusto. Officia ut autem et similique. Excepturi in nemo recusandae est aut. Quo quos nisi aperiam facere quia laudantium dolor.', 0, 0, 0, '2012-07-28 06:59:25');
INSERT INTO `messages` (`id`, `from_user_id`, `to_user_id`, `body`, `is_important`, `is_delivered`, `is_deleted`, `created_at`) VALUES (168, 68, 20, 'Similique aut ullam et. Nisi et repellat consequatur laborum tenetur. Quod et aut facilis expedita quae autem est qui.', 0, 1, 1, '1970-06-08 19:52:49');
INSERT INTO `messages` (`id`, `from_user_id`, `to_user_id`, `body`, `is_important`, `is_delivered`, `is_deleted`, `created_at`) VALUES (169, 69, 7, 'Iusto et voluptatem doloremque neque aliquam voluptatem cumque aut. Tempore aut impedit ea laborum. Adipisci perferendis harum beatae ut mollitia.', 0, 0, 0, '2004-06-01 03:38:04');
INSERT INTO `messages` (`id`, `from_user_id`, `to_user_id`, `body`, `is_important`, `is_delivered`, `is_deleted`, `created_at`) VALUES (170, 70, 34, 'Eius non tenetur beatae aut vel non. Numquam ea dolor adipisci aut. Praesentium repellendus sequi consequatur error. Ullam itaque rerum dolores quidem aut. Et consequuntur voluptate necessitatibus officia facilis inventore.', 0, 1, 1, '1990-07-31 02:40:03');
INSERT INTO `messages` (`id`, `from_user_id`, `to_user_id`, `body`, `is_important`, `is_delivered`, `is_deleted`, `created_at`) VALUES (171, 71, 48, 'Ut praesentium corporis earum molestiae sint. Exercitationem aliquid explicabo atque consequatur aspernatur. Rerum vel eligendi et necessitatibus.', 0, 1, 1, '1974-12-24 08:33:08');
INSERT INTO `messages` (`id`, `from_user_id`, `to_user_id`, `body`, `is_important`, `is_delivered`, `is_deleted`, `created_at`) VALUES (172, 72, 20, 'Aut similique eos voluptatum eligendi architecto. Dicta dignissimos aliquam nulla aut earum tempore dicta. Quam illum qui voluptatem quidem consequatur et. Ea iusto illum quia ullam dolorum.', 0, 0, 1, '1985-11-05 13:53:13');
INSERT INTO `messages` (`id`, `from_user_id`, `to_user_id`, `body`, `is_important`, `is_delivered`, `is_deleted`, `created_at`) VALUES (173, 73, 20, 'A rem qui aliquid distinctio repellat iure ut. Harum non quo in omnis. Itaque sunt quia quas nesciunt debitis.', 1, 0, 0, '1979-03-27 22:59:27');
INSERT INTO `messages` (`id`, `from_user_id`, `to_user_id`, `body`, `is_important`, `is_delivered`, `is_deleted`, `created_at`) VALUES (174, 74, 32, 'Sit est est autem numquam architecto nemo doloremque exercitationem. Ut voluptates aut delectus hic culpa. Atque cupiditate est vel voluptas numquam alias.', 0, 0, 0, '1996-03-20 00:37:25');
INSERT INTO `messages` (`id`, `from_user_id`, `to_user_id`, `body`, `is_important`, `is_delivered`, `is_deleted`, `created_at`) VALUES (175, 75, 83, 'Et eius ex amet sed ut. Culpa omnis voluptatibus voluptas. Omnis repellat eos quia numquam non. Voluptas occaecati quo enim sit sunt. Eos at est dolores sit exercitationem temporibus ut.', 1, 0, 1, '1983-05-11 05:57:19');
INSERT INTO `messages` (`id`, `from_user_id`, `to_user_id`, `body`, `is_important`, `is_delivered`, `is_deleted`, `created_at`) VALUES (176, 76, 34, 'Dolore dolor ut labore eveniet dolor et. Veritatis facilis ut ut ut autem labore est suscipit. Dolorum consequuntur ipsa sint error ut. Voluptas aut aspernatur quibusdam suscipit.', 1, 0, 0, '1995-06-07 15:24:47');
INSERT INTO `messages` (`id`, `from_user_id`, `to_user_id`, `body`, `is_important`, `is_delivered`, `is_deleted`, `created_at`) VALUES (177, 77, 76, 'Veniam blanditiis dolorum id id consequatur. Sit est temporibus amet veniam accusantium dolore. Beatae est quaerat ea odio culpa illo. Consequuntur maiores culpa repudiandae corrupti labore tenetur. Non ipsum officiis ut dolore neque.', 0, 0, 0, '2013-04-22 22:14:12');
INSERT INTO `messages` (`id`, `from_user_id`, `to_user_id`, `body`, `is_important`, `is_delivered`, `is_deleted`, `created_at`) VALUES (178, 78, 86, 'Quibusdam placeat perferendis sit enim. Tempore sed eaque sit.', 1, 1, 1, '2018-12-31 21:52:59');
INSERT INTO `messages` (`id`, `from_user_id`, `to_user_id`, `body`, `is_important`, `is_delivered`, `is_deleted`, `created_at`) VALUES (179, 79, 72, 'Ut omnis ipsum iste praesentium ut inventore. Laboriosam assumenda eos fugit neque. Ex ut minima aperiam repellat numquam enim sed. Eligendi at eveniet deserunt iusto eum omnis molestiae voluptas.', 1, 0, 0, '2005-05-22 13:58:20');
INSERT INTO `messages` (`id`, `from_user_id`, `to_user_id`, `body`, `is_important`, `is_delivered`, `is_deleted`, `created_at`) VALUES (180, 80, 42, 'Ut qui commodi tempora velit. Harum voluptatem qui doloremque impedit officiis inventore.', 1, 0, 0, '1985-04-19 17:04:47');
INSERT INTO `messages` (`id`, `from_user_id`, `to_user_id`, `body`, `is_important`, `is_delivered`, `is_deleted`, `created_at`) VALUES (181, 81, 54, 'Culpa tenetur aut et animi aspernatur non ducimus. Mollitia quia dolor tenetur culpa et incidunt repellat. Iste laudantium qui consequatur voluptatem animi.', 1, 0, 0, '1982-02-28 03:56:52');
INSERT INTO `messages` (`id`, `from_user_id`, `to_user_id`, `body`, `is_important`, `is_delivered`, `is_deleted`, `created_at`) VALUES (182, 82, 61, 'Molestias est sit rerum enim esse est. Doloribus odit iste ut sequi. Et libero provident optio voluptatem magnam sed.', 0, 1, 1, '2000-01-26 11:56:57');
INSERT INTO `messages` (`id`, `from_user_id`, `to_user_id`, `body`, `is_important`, `is_delivered`, `is_deleted`, `created_at`) VALUES (183, 83, 5, 'Dolorem asperiores veritatis magnam aut deserunt. Quisquam aut soluta exercitationem itaque qui suscipit praesentium. Sequi qui sed dolor eos doloribus id et.', 1, 1, 0, '2005-04-03 16:27:14');
INSERT INTO `messages` (`id`, `from_user_id`, `to_user_id`, `body`, `is_important`, `is_delivered`, `is_deleted`, `created_at`) VALUES (184, 84, 58, 'Architecto sit sint sit rerum. Necessitatibus culpa dolor possimus debitis ducimus facere. Et blanditiis ducimus numquam eaque alias. Dolores est error et aliquid.', 1, 0, 1, '2013-06-20 11:12:52');
INSERT INTO `messages` (`id`, `from_user_id`, `to_user_id`, `body`, `is_important`, `is_delivered`, `is_deleted`, `created_at`) VALUES (185, 85, 67, 'Quos ipsam exercitationem velit omnis ut tempora sint. Et tempora cumque alias rem expedita sunt aspernatur. Exercitationem dicta eveniet recusandae et adipisci quo nam animi. Sapiente quam voluptatum et ducimus nulla optio.', 1, 1, 1, '1993-03-14 08:26:49');
INSERT INTO `messages` (`id`, `from_user_id`, `to_user_id`, `body`, `is_important`, `is_delivered`, `is_deleted`, `created_at`) VALUES (186, 86, 94, 'Dolor laborum consequatur perferendis sunt repellat nihil quibusdam porro. Sed nam dolores non sapiente earum ipsa nostrum. Dolor similique saepe numquam laudantium.', 1, 1, 1, '2013-04-28 04:22:28');
INSERT INTO `messages` (`id`, `from_user_id`, `to_user_id`, `body`, `is_important`, `is_delivered`, `is_deleted`, `created_at`) VALUES (187, 87, 67, 'Eveniet quas voluptatum consequatur vero. Fugit quaerat accusantium beatae laboriosam maxime dolores aperiam. Cupiditate placeat commodi consequatur corporis voluptas necessitatibus.', 0, 0, 0, '2006-06-24 05:44:05');
INSERT INTO `messages` (`id`, `from_user_id`, `to_user_id`, `body`, `is_important`, `is_delivered`, `is_deleted`, `created_at`) VALUES (188, 88, 91, 'Dolor eum aut sit officiis. Magnam voluptatem voluptas eos cupiditate architecto eos consequuntur. Nulla cumque adipisci fugit et harum odio repellat. Earum iure quas et.', 1, 1, 1, '2014-11-08 17:11:41');
INSERT INTO `messages` (`id`, `from_user_id`, `to_user_id`, `body`, `is_important`, `is_delivered`, `is_deleted`, `created_at`) VALUES (189, 89, 79, 'Adipisci qui reprehenderit fuga enim consequuntur id impedit. Voluptatum aut accusantium voluptatem et qui enim in.', 0, 1, 1, '1979-08-12 02:39:50');
INSERT INTO `messages` (`id`, `from_user_id`, `to_user_id`, `body`, `is_important`, `is_delivered`, `is_deleted`, `created_at`) VALUES (190, 90, 42, 'Porro architecto accusantium aut dolor illo. Ipsam eveniet nam sed libero enim recusandae. Officiis voluptate aperiam autem ratione adipisci.', 0, 0, 0, '1995-10-02 18:47:03');
INSERT INTO `messages` (`id`, `from_user_id`, `to_user_id`, `body`, `is_important`, `is_delivered`, `is_deleted`, `created_at`) VALUES (191, 91, 48, 'Sunt in soluta incidunt autem dolore quasi. Voluptas corporis et labore autem. Quod eum possimus libero ipsa sed autem vero. Distinctio consequatur ut ex officia quia sed autem.', 0, 0, 1, '1982-08-24 05:27:07');
INSERT INTO `messages` (`id`, `from_user_id`, `to_user_id`, `body`, `is_important`, `is_delivered`, `is_deleted`, `created_at`) VALUES (192, 92, 80, 'Voluptatibus perferendis saepe aspernatur a. Voluptate numquam vel cum aut sint labore. Expedita aut occaecati iusto iusto non harum quis aut. Distinctio vel quidem consequatur qui ex autem.', 0, 1, 1, '1970-04-11 08:26:44');
INSERT INTO `messages` (`id`, `from_user_id`, `to_user_id`, `body`, `is_important`, `is_delivered`, `is_deleted`, `created_at`) VALUES (193, 93, 57, 'Inventore optio beatae temporibus magni aliquid ut quia. Distinctio eos dolorem suscipit. Error reiciendis et dolorem animi in qui non.', 0, 0, 0, '1984-04-05 01:46:45');
INSERT INTO `messages` (`id`, `from_user_id`, `to_user_id`, `body`, `is_important`, `is_delivered`, `is_deleted`, `created_at`) VALUES (194, 94, 35, 'Non atque alias sed ipsa mollitia temporibus assumenda corrupti. Et perferendis dolores quisquam ab sit labore reprehenderit. Voluptates aut porro quam consequatur cum. Tempore iure molestiae aut ratione asperiores.', 1, 1, 0, '1988-12-18 08:18:44');
INSERT INTO `messages` (`id`, `from_user_id`, `to_user_id`, `body`, `is_important`, `is_delivered`, `is_deleted`, `created_at`) VALUES (195, 95, 18, 'Ipsum rem voluptas sed quam impedit. Ratione quo earum ea enim. Doloribus sapiente quaerat architecto animi minima est.', 0, 0, 0, '1983-12-07 16:05:32');
INSERT INTO `messages` (`id`, `from_user_id`, `to_user_id`, `body`, `is_important`, `is_delivered`, `is_deleted`, `created_at`) VALUES (196, 96, 30, 'Doloremque aperiam consectetur ipsum modi. Nemo explicabo aut mollitia magni ipsum vel quia tempora. Corporis ut minima sunt est distinctio ducimus. Et ea consequatur quidem rerum qui.', 1, 0, 1, '2000-09-28 23:34:42');
INSERT INTO `messages` (`id`, `from_user_id`, `to_user_id`, `body`, `is_important`, `is_delivered`, `is_deleted`, `created_at`) VALUES (197, 97, 37, 'Vel mollitia debitis doloremque praesentium quis ex reprehenderit. Nihil et ut numquam et eum quis quae quis. Beatae cupiditate eum qui totam aspernatur.', 1, 1, 1, '1988-04-30 05:37:48');
INSERT INTO `messages` (`id`, `from_user_id`, `to_user_id`, `body`, `is_important`, `is_delivered`, `is_deleted`, `created_at`) VALUES (198, 98, 31, 'Necessitatibus odit magnam dolor est. Est dolores dolorem dolores non qui adipisci. Qui maiores beatae aut nesciunt.', 0, 0, 1, '1985-07-27 08:44:19');
INSERT INTO `messages` (`id`, `from_user_id`, `to_user_id`, `body`, `is_important`, `is_delivered`, `is_deleted`, `created_at`) VALUES (199, 99, 100, 'Pariatur asperiores accusantium quo facere alias sit. Vel mollitia omnis delectus nam est qui. Corrupti aperiam quod nostrum nisi perferendis voluptas.', 1, 1, 0, '2000-05-01 07:17:48');
INSERT INTO `messages` (`id`, `from_user_id`, `to_user_id`, `body`, `is_important`, `is_delivered`, `is_deleted`, `created_at`) VALUES (200, 100, 59, 'Minima sit vitae repellendus fugit perspiciatis quaerat. Blanditiis quos est quod fugiat aliquid nostrum saepe libero. Est id et vitae tempore.', 1, 0, 0, '2004-01-09 10:14:46');
INSERT INTO `messages` (`id`, `from_user_id`, `to_user_id`, `body`, `is_important`, `is_delivered`, `is_deleted`, `created_at`) VALUES (201, 1, 63, 'Deleniti ullam eligendi nobis tenetur et animi. Sed adipisci amet facere rerum. Illo iusto aperiam autem labore dolorem laborum. Tenetur dignissimos repellendus et et nostrum minus quod.', 0, 1, 1, '1970-12-26 17:57:59');
INSERT INTO `messages` (`id`, `from_user_id`, `to_user_id`, `body`, `is_important`, `is_delivered`, `is_deleted`, `created_at`) VALUES (202, 2, 66, 'Temporibus excepturi error possimus nemo dicta. Commodi ducimus vel voluptates saepe rerum placeat velit. Eius ut qui magni. Magni voluptate aliquid molestiae nesciunt vero est consequatur.', 1, 0, 1, '1990-01-18 20:07:42');
INSERT INTO `messages` (`id`, `from_user_id`, `to_user_id`, `body`, `is_important`, `is_delivered`, `is_deleted`, `created_at`) VALUES (203, 3, 43, 'Nihil earum at quam pariatur molestiae delectus nostrum. Recusandae corporis reiciendis temporibus. Et et voluptates non animi id doloremque. Deleniti facere dicta corrupti aperiam sed delectus cupiditate.', 1, 1, 0, '1997-03-31 22:28:52');
INSERT INTO `messages` (`id`, `from_user_id`, `to_user_id`, `body`, `is_important`, `is_delivered`, `is_deleted`, `created_at`) VALUES (204, 4, 87, 'Necessitatibus qui vel eligendi consequuntur. Magni ipsam neque dolorem aut voluptatum. Ut minus in perferendis qui placeat. Occaecati expedita porro ut cumque dolorem.', 1, 0, 0, '1980-01-16 12:06:25');
INSERT INTO `messages` (`id`, `from_user_id`, `to_user_id`, `body`, `is_important`, `is_delivered`, `is_deleted`, `created_at`) VALUES (205, 5, 71, 'Voluptatem ab id qui. Explicabo cum illum eum inventore natus. Iusto aliquid adipisci dolor voluptatem perferendis in recusandae.', 1, 0, 1, '1972-04-22 06:17:44');
INSERT INTO `messages` (`id`, `from_user_id`, `to_user_id`, `body`, `is_important`, `is_delivered`, `is_deleted`, `created_at`) VALUES (206, 6, 74, 'Hic suscipit ea provident perferendis cum qui nesciunt officia. Totam voluptatem doloremque veniam consequatur. Beatae possimus in odit. Eligendi consequuntur enim aperiam et quaerat vero.', 0, 1, 0, '1974-03-11 11:52:44');
INSERT INTO `messages` (`id`, `from_user_id`, `to_user_id`, `body`, `is_important`, `is_delivered`, `is_deleted`, `created_at`) VALUES (207, 7, 54, 'Aliquid consequatur harum nemo aut maiores. Vero alias totam omnis eaque qui voluptatum qui suscipit. Dolorem aliquid ducimus saepe id quis sit animi soluta. Ex quod impedit harum.', 0, 0, 0, '2007-02-18 04:53:23');
INSERT INTO `messages` (`id`, `from_user_id`, `to_user_id`, `body`, `is_important`, `is_delivered`, `is_deleted`, `created_at`) VALUES (208, 8, 72, 'Sequi iste dignissimos debitis labore quidem. Rerum veritatis maxime aut doloribus aperiam. Et quaerat sed consectetur consequatur impedit maiores.', 1, 1, 1, '1999-11-11 09:54:19');
INSERT INTO `messages` (`id`, `from_user_id`, `to_user_id`, `body`, `is_important`, `is_delivered`, `is_deleted`, `created_at`) VALUES (209, 9, 79, 'Magnam vel error labore suscipit aperiam. Non aliquid temporibus corporis voluptates.', 1, 1, 1, '1980-07-05 02:35:34');
INSERT INTO `messages` (`id`, `from_user_id`, `to_user_id`, `body`, `is_important`, `is_delivered`, `is_deleted`, `created_at`) VALUES (210, 10, 34, 'Neque ex optio est nisi autem ad error ut. Voluptatem est qui voluptas aut aliquid recusandae fuga. Ipsum ut est consectetur.', 0, 1, 1, '1987-01-03 11:15:56');
INSERT INTO `messages` (`id`, `from_user_id`, `to_user_id`, `body`, `is_important`, `is_delivered`, `is_deleted`, `created_at`) VALUES (211, 11, 22, 'Nostrum error sequi dignissimos. In dolorem ea perferendis delectus nesciunt. Officia vitae accusamus expedita voluptatum qui sint.', 1, 0, 0, '1991-07-09 14:36:02');
INSERT INTO `messages` (`id`, `from_user_id`, `to_user_id`, `body`, `is_important`, `is_delivered`, `is_deleted`, `created_at`) VALUES (212, 12, 75, 'Vitae aut eos qui. Illo minima et molestiae quasi ad. Officia sit qui non consectetur deserunt. Magnam voluptatem totam magnam illum quas.', 1, 1, 1, '1999-05-23 08:50:46');
INSERT INTO `messages` (`id`, `from_user_id`, `to_user_id`, `body`, `is_important`, `is_delivered`, `is_deleted`, `created_at`) VALUES (213, 13, 58, 'Rerum incidunt quia nihil ut ab. Earum velit saepe sint a quam. Quam repellat ut et dolor.', 1, 1, 1, '1998-11-12 22:18:38');
INSERT INTO `messages` (`id`, `from_user_id`, `to_user_id`, `body`, `is_important`, `is_delivered`, `is_deleted`, `created_at`) VALUES (214, 14, 87, 'Est aut ducimus vel iure accusamus. Molestiae vero quae dolores. Sunt necessitatibus voluptatem illo ullam. Sit ut quia dolores aut libero. Enim ut quam molestiae perspiciatis vel illum nisi.', 0, 0, 1, '2008-12-16 01:54:43');
INSERT INTO `messages` (`id`, `from_user_id`, `to_user_id`, `body`, `is_important`, `is_delivered`, `is_deleted`, `created_at`) VALUES (215, 15, 17, 'Temporibus quis odit et. Magnam est architecto excepturi placeat aliquam. Libero voluptatem ullam ad reprehenderit sed dolore. Fuga fuga error autem.', 0, 0, 0, '1985-08-06 14:35:07');
INSERT INTO `messages` (`id`, `from_user_id`, `to_user_id`, `body`, `is_important`, `is_delivered`, `is_deleted`, `created_at`) VALUES (216, 16, 62, 'Voluptatem pariatur enim ab inventore. Quisquam aut pariatur voluptatem molestiae debitis rerum minima. Maiores quia nesciunt commodi natus quia.', 1, 0, 0, '1989-11-26 12:57:50');
INSERT INTO `messages` (`id`, `from_user_id`, `to_user_id`, `body`, `is_important`, `is_delivered`, `is_deleted`, `created_at`) VALUES (217, 17, 60, 'Eius nobis dolor fugit. Et id nesciunt dignissimos dignissimos. Molestias iusto fugiat voluptatum labore.', 1, 0, 1, '1981-03-20 15:52:34');
INSERT INTO `messages` (`id`, `from_user_id`, `to_user_id`, `body`, `is_important`, `is_delivered`, `is_deleted`, `created_at`) VALUES (218, 18, 85, 'Ab nesciunt enim saepe alias et. Quia quaerat similique tempora non consequatur soluta ipsum reiciendis. Dolorem id veniam vitae quod itaque sed id.', 1, 1, 1, '2001-02-20 23:45:09');
INSERT INTO `messages` (`id`, `from_user_id`, `to_user_id`, `body`, `is_important`, `is_delivered`, `is_deleted`, `created_at`) VALUES (219, 19, 89, 'Ipsum omnis laborum illo sed nulla aut. Sequi ullam vero et delectus quia est praesentium. Molestiae et quia eveniet.', 1, 0, 0, '2002-07-22 09:32:03');
INSERT INTO `messages` (`id`, `from_user_id`, `to_user_id`, `body`, `is_important`, `is_delivered`, `is_deleted`, `created_at`) VALUES (220, 20, 35, 'Fugiat voluptates voluptatem molestiae omnis. Ullam mollitia molestiae necessitatibus quam distinctio corporis. Recusandae optio voluptas ut illum et vero. Velit nihil harum consectetur porro.', 1, 1, 1, '2011-07-24 02:57:37');
INSERT INTO `messages` (`id`, `from_user_id`, `to_user_id`, `body`, `is_important`, `is_delivered`, `is_deleted`, `created_at`) VALUES (221, 21, 29, 'In quo libero eum reprehenderit. Voluptatum ab rem odit corrupti voluptatem omnis. Dolor et quae eveniet autem magni.', 0, 0, 0, '2009-11-24 23:32:48');
INSERT INTO `messages` (`id`, `from_user_id`, `to_user_id`, `body`, `is_important`, `is_delivered`, `is_deleted`, `created_at`) VALUES (222, 22, 94, 'Occaecati quidem autem odit in. Est qui delectus est nulla ea velit. Illum ut saepe illo libero ad assumenda.', 0, 0, 0, '2002-07-14 22:58:45');
INSERT INTO `messages` (`id`, `from_user_id`, `to_user_id`, `body`, `is_important`, `is_delivered`, `is_deleted`, `created_at`) VALUES (223, 23, 57, 'Quas consequuntur vitae omnis temporibus est. Omnis recusandae ratione modi totam culpa excepturi et porro. Inventore quidem voluptatibus sit accusamus eaque. Molestiae voluptatem illo voluptatem qui rerum in quae.', 0, 1, 0, '1975-01-15 19:34:42');
INSERT INTO `messages` (`id`, `from_user_id`, `to_user_id`, `body`, `is_important`, `is_delivered`, `is_deleted`, `created_at`) VALUES (224, 24, 70, 'Ipsa eaque at excepturi praesentium exercitationem eaque. In in omnis aliquam veniam iure sed at. Consequatur consequuntur perferendis sed maxime ut quasi. Tempore eius consequatur occaecati natus dolore.', 1, 1, 0, '1980-07-17 00:34:16');
INSERT INTO `messages` (`id`, `from_user_id`, `to_user_id`, `body`, `is_important`, `is_delivered`, `is_deleted`, `created_at`) VALUES (225, 25, 7, 'Nulla aliquid voluptatum repudiandae cupiditate. Dignissimos molestiae tenetur iusto et. Qui dolor et eos quaerat eligendi cupiditate nobis incidunt.', 1, 1, 0, '2016-04-30 20:54:10');
INSERT INTO `messages` (`id`, `from_user_id`, `to_user_id`, `body`, `is_important`, `is_delivered`, `is_deleted`, `created_at`) VALUES (226, 26, 17, 'Necessitatibus omnis enim vel sunt culpa corporis. Nemo nam dolores laboriosam consectetur natus. Et numquam rerum est cumque.', 1, 0, 1, '2011-04-15 16:17:40');
INSERT INTO `messages` (`id`, `from_user_id`, `to_user_id`, `body`, `is_important`, `is_delivered`, `is_deleted`, `created_at`) VALUES (227, 27, 43, 'Et dolore est adipisci eum omnis fuga ut. Saepe ratione est reprehenderit omnis sapiente qui. Alias omnis labore qui unde aut dolorum nulla.', 1, 1, 0, '2013-07-25 17:05:06');
INSERT INTO `messages` (`id`, `from_user_id`, `to_user_id`, `body`, `is_important`, `is_delivered`, `is_deleted`, `created_at`) VALUES (228, 28, 83, 'Recusandae culpa optio est quibusdam. Rerum asperiores autem dolorem quo laborum. Quibusdam qui dolor iste non. Rerum quia quis cum ratione.', 1, 1, 0, '1995-11-27 02:46:19');
INSERT INTO `messages` (`id`, `from_user_id`, `to_user_id`, `body`, `is_important`, `is_delivered`, `is_deleted`, `created_at`) VALUES (229, 29, 87, 'Impedit distinctio eius aspernatur dignissimos. Nihil veritatis nihil qui voluptatem odit dolor sunt vel. Exercitationem perferendis quae accusamus consectetur corrupti. Dolores odit sunt mollitia reprehenderit.', 1, 0, 0, '1980-01-18 12:20:25');
INSERT INTO `messages` (`id`, `from_user_id`, `to_user_id`, `body`, `is_important`, `is_delivered`, `is_deleted`, `created_at`) VALUES (230, 30, 99, 'Nulla enim perspiciatis eligendi. Doloribus vel mollitia optio maxime vel eum sapiente voluptatem. Dignissimos consequuntur consectetur veniam numquam.', 0, 1, 0, '1988-12-27 18:55:19');
INSERT INTO `messages` (`id`, `from_user_id`, `to_user_id`, `body`, `is_important`, `is_delivered`, `is_deleted`, `created_at`) VALUES (231, 31, 3, 'Porro amet molestiae facere perspiciatis facere consequatur. Aut aut voluptatum rerum quia sunt aut rerum nihil. Aut dolorum incidunt est sit unde est. Nobis eius quisquam aut incidunt sit.', 1, 0, 1, '1980-06-12 19:32:49');
INSERT INTO `messages` (`id`, `from_user_id`, `to_user_id`, `body`, `is_important`, `is_delivered`, `is_deleted`, `created_at`) VALUES (232, 32, 46, 'Sunt accusantium impedit sit dolorum quidem et. Ut laudantium ut magni optio. Iusto fugit hic ratione aliquid illo consequuntur quia. A sit dolorum libero et quia beatae rerum.', 0, 0, 1, '2001-09-26 06:49:47');
INSERT INTO `messages` (`id`, `from_user_id`, `to_user_id`, `body`, `is_important`, `is_delivered`, `is_deleted`, `created_at`) VALUES (233, 33, 79, 'Nihil incidunt ea neque minima. Repudiandae dolorem tenetur eligendi corporis sequi ut est. Ullam fuga deserunt voluptatem incidunt.', 1, 0, 1, '2000-02-29 00:41:54');
INSERT INTO `messages` (`id`, `from_user_id`, `to_user_id`, `body`, `is_important`, `is_delivered`, `is_deleted`, `created_at`) VALUES (234, 34, 54, 'Quis quod quam quia voluptatum labore. Sed molestias quia aliquam sint magni. Praesentium facilis et neque quam.', 1, 1, 0, '2001-10-01 22:41:49');
INSERT INTO `messages` (`id`, `from_user_id`, `to_user_id`, `body`, `is_important`, `is_delivered`, `is_deleted`, `created_at`) VALUES (235, 35, 48, 'Nesciunt sit amet cupiditate et. Rerum nihil quis consequatur quisquam explicabo dolores. Quo vel doloremque aliquid amet.', 0, 0, 0, '1990-09-14 19:56:52');
INSERT INTO `messages` (`id`, `from_user_id`, `to_user_id`, `body`, `is_important`, `is_delivered`, `is_deleted`, `created_at`) VALUES (236, 36, 87, 'Nemo atque facilis sit dolores quae. Praesentium et porro culpa eaque. Et rerum deserunt et delectus omnis vero. Blanditiis eum dolorum enim et neque accusamus. Dolores molestias suscipit totam iure unde quasi.', 0, 1, 1, '2003-05-29 06:59:14');
INSERT INTO `messages` (`id`, `from_user_id`, `to_user_id`, `body`, `is_important`, `is_delivered`, `is_deleted`, `created_at`) VALUES (237, 37, 72, 'Aspernatur et sequi harum aut dolorem accusamus eum dolorem. Est tenetur molestiae quaerat alias magni maiores quia cupiditate. Perferendis rerum id vero doloremque nobis in. Ut omnis fuga perferendis dignissimos est non.', 0, 1, 0, '2005-04-17 17:54:45');
INSERT INTO `messages` (`id`, `from_user_id`, `to_user_id`, `body`, `is_important`, `is_delivered`, `is_deleted`, `created_at`) VALUES (238, 38, 54, 'Et quia soluta odit nulla libero. Inventore in iure reiciendis molestiae reprehenderit praesentium dolore. Omnis soluta libero et sequi veritatis quia expedita. Nesciunt voluptas iure perspiciatis voluptatum dolorum repellat.', 1, 0, 0, '1980-12-08 14:44:38');
INSERT INTO `messages` (`id`, `from_user_id`, `to_user_id`, `body`, `is_important`, `is_delivered`, `is_deleted`, `created_at`) VALUES (239, 39, 21, 'Vitae omnis quaerat aliquid animi dolores repellendus eum. Consequatur harum cupiditate possimus. Corrupti officia iste necessitatibus non excepturi.', 1, 0, 1, '2003-04-26 23:15:21');
INSERT INTO `messages` (`id`, `from_user_id`, `to_user_id`, `body`, `is_important`, `is_delivered`, `is_deleted`, `created_at`) VALUES (240, 40, 35, 'Sint nesciunt magnam neque impedit. Laudantium tempora voluptatem dolor sint enim ipsa laudantium. Ipsam voluptatem vel sunt odit. Ratione dolores non praesentium eveniet voluptas dolores.', 0, 1, 1, '1994-10-12 20:29:38');
INSERT INTO `messages` (`id`, `from_user_id`, `to_user_id`, `body`, `is_important`, `is_delivered`, `is_deleted`, `created_at`) VALUES (241, 41, 59, 'Illo a autem molestiae consequatur est. Maiores natus sit repellendus ipsum. Dolor vel ab molestiae aut fuga temporibus non.', 0, 1, 0, '2015-03-03 07:29:08');
INSERT INTO `messages` (`id`, `from_user_id`, `to_user_id`, `body`, `is_important`, `is_delivered`, `is_deleted`, `created_at`) VALUES (242, 42, 68, 'Voluptas harum debitis non voluptatem expedita. Sed voluptas a velit molestiae facilis. Cum maxime aut recusandae eos. Iste quibusdam aut qui magni laborum sint tempora natus.', 0, 1, 0, '2005-03-14 10:05:18');
INSERT INTO `messages` (`id`, `from_user_id`, `to_user_id`, `body`, `is_important`, `is_delivered`, `is_deleted`, `created_at`) VALUES (243, 43, 55, 'Libero iure veniam temporibus quae qui et. Nam at dolor necessitatibus dolorem occaecati. Vero iure recusandae sit quae.', 1, 1, 1, '2009-05-03 19:41:21');
INSERT INTO `messages` (`id`, `from_user_id`, `to_user_id`, `body`, `is_important`, `is_delivered`, `is_deleted`, `created_at`) VALUES (244, 44, 23, 'Aut enim placeat sapiente repellendus dolore. Aut iure labore et nesciunt assumenda. Rem ipsum at aut.', 1, 0, 1, '2017-10-10 23:01:10');
INSERT INTO `messages` (`id`, `from_user_id`, `to_user_id`, `body`, `is_important`, `is_delivered`, `is_deleted`, `created_at`) VALUES (245, 45, 7, 'Suscipit aperiam consequatur qui fugiat. Aut quis quia non velit. Voluptas repellendus nemo debitis alias.', 0, 0, 1, '2006-01-30 17:34:35');
INSERT INTO `messages` (`id`, `from_user_id`, `to_user_id`, `body`, `is_important`, `is_delivered`, `is_deleted`, `created_at`) VALUES (246, 46, 64, 'Voluptatem veritatis laboriosam ea enim. Suscipit consequatur at quasi recusandae aliquid aut. At soluta unde assumenda repellat iste.', 1, 0, 0, '1979-10-14 21:17:53');
INSERT INTO `messages` (`id`, `from_user_id`, `to_user_id`, `body`, `is_important`, `is_delivered`, `is_deleted`, `created_at`) VALUES (247, 47, 47, 'Totam et quisquam quia. Ipsa consequatur consectetur laudantium veniam voluptates eaque. Similique ut placeat nam et tenetur qui rerum.', 1, 1, 0, '1989-10-31 18:14:09');
INSERT INTO `messages` (`id`, `from_user_id`, `to_user_id`, `body`, `is_important`, `is_delivered`, `is_deleted`, `created_at`) VALUES (248, 48, 95, 'Tenetur vitae eveniet qui quaerat illo rem. Repudiandae qui nostrum autem et sequi illum nobis. Et repellat autem harum aut maxime minima veniam.', 1, 1, 1, '2010-09-24 23:56:40');
INSERT INTO `messages` (`id`, `from_user_id`, `to_user_id`, `body`, `is_important`, `is_delivered`, `is_deleted`, `created_at`) VALUES (249, 49, 54, 'Minus ipsa ea saepe suscipit recusandae aut. Voluptatem voluptates voluptas et delectus sint iste et. Repudiandae aut error qui placeat vitae exercitationem. Cumque iste omnis laboriosam sint sint maxime.', 1, 1, 0, '1974-09-26 22:16:43');
INSERT INTO `messages` (`id`, `from_user_id`, `to_user_id`, `body`, `is_important`, `is_delivered`, `is_deleted`, `created_at`) VALUES (250, 50, 24, 'Repellat est ut consequuntur amet et sed tempora. In et unde qui repellat dolores excepturi.', 1, 0, 0, '1990-08-02 11:30:09');
INSERT INTO `messages` (`id`, `from_user_id`, `to_user_id`, `body`, `is_important`, `is_delivered`, `is_deleted`, `created_at`) VALUES (251, 51, 3, 'Odit vero et libero voluptas quia illum. Aut suscipit corrupti ullam voluptatum est et optio. Sed esse blanditiis numquam temporibus nulla.', 0, 1, 0, '1988-03-18 01:45:05');
INSERT INTO `messages` (`id`, `from_user_id`, `to_user_id`, `body`, `is_important`, `is_delivered`, `is_deleted`, `created_at`) VALUES (252, 52, 12, 'Non alias vel inventore aspernatur et. Qui sunt et sapiente sed aut velit dolore. Assumenda sed inventore atque qui doloremque eos ab.', 1, 1, 0, '1983-01-03 16:29:18');
INSERT INTO `messages` (`id`, `from_user_id`, `to_user_id`, `body`, `is_important`, `is_delivered`, `is_deleted`, `created_at`) VALUES (253, 53, 80, 'Vel velit enim numquam in vel et. Dolore labore id reiciendis quam nostrum. Eum totam sint vitae illum ea. Et impedit eius a placeat iusto est vel.', 1, 0, 0, '1998-01-12 17:19:41');
INSERT INTO `messages` (`id`, `from_user_id`, `to_user_id`, `body`, `is_important`, `is_delivered`, `is_deleted`, `created_at`) VALUES (254, 54, 63, 'Eius a consequuntur ut ipsa fugiat minus. Deserunt ut officia dolorem. Mollitia unde ex magni nihil dolor. Excepturi sunt est minima eum.', 0, 1, 1, '1976-05-26 06:45:19');
INSERT INTO `messages` (`id`, `from_user_id`, `to_user_id`, `body`, `is_important`, `is_delivered`, `is_deleted`, `created_at`) VALUES (255, 55, 38, 'Voluptatem eos perspiciatis facilis est voluptas molestiae. Et vel omnis itaque sapiente. Eum tempore laborum amet quia ea atque quia. Aliquid id exercitationem optio repudiandae. Minima et atque animi tenetur et autem temporibus.', 0, 0, 0, '1997-02-24 07:02:35');
INSERT INTO `messages` (`id`, `from_user_id`, `to_user_id`, `body`, `is_important`, `is_delivered`, `is_deleted`, `created_at`) VALUES (256, 56, 14, 'Minima quia pariatur laborum voluptate repellat. Temporibus ab sunt vel eaque temporibus alias. Praesentium adipisci perspiciatis et placeat ad. Molestias omnis unde autem ratione velit voluptas. Similique deleniti enim quia doloribus dolores minima enim.', 0, 0, 1, '2015-01-29 15:53:04');
INSERT INTO `messages` (`id`, `from_user_id`, `to_user_id`, `body`, `is_important`, `is_delivered`, `is_deleted`, `created_at`) VALUES (257, 57, 15, 'Consequatur inventore perspiciatis dolores molestiae. Mollitia consequuntur aspernatur placeat facilis quasi repudiandae illo. Natus voluptas iusto totam inventore est voluptas. Sit at aut tempore.', 1, 0, 0, '1993-01-19 22:25:25');
INSERT INTO `messages` (`id`, `from_user_id`, `to_user_id`, `body`, `is_important`, `is_delivered`, `is_deleted`, `created_at`) VALUES (258, 58, 39, 'Ut sit et commodi asperiores aut vitae. Quos id eos qui consectetur voluptate sed. Adipisci in alias quasi reiciendis blanditiis.', 0, 0, 1, '1981-07-04 04:15:08');
INSERT INTO `messages` (`id`, `from_user_id`, `to_user_id`, `body`, `is_important`, `is_delivered`, `is_deleted`, `created_at`) VALUES (259, 59, 23, 'Consequatur dolores quia est. Corporis amet quisquam voluptatem autem neque consequatur. Fugit non pariatur blanditiis dolorem est ad.', 0, 1, 0, '1979-02-08 04:20:56');
INSERT INTO `messages` (`id`, `from_user_id`, `to_user_id`, `body`, `is_important`, `is_delivered`, `is_deleted`, `created_at`) VALUES (260, 60, 5, 'Provident repellendus consequatur eum. Officia quis aut sit laboriosam consequatur temporibus expedita. Beatae dolor error quam vero. Dolores nisi ipsum quidem ut veniam nulla omnis omnis.', 1, 0, 1, '2009-03-11 11:22:07');
INSERT INTO `messages` (`id`, `from_user_id`, `to_user_id`, `body`, `is_important`, `is_delivered`, `is_deleted`, `created_at`) VALUES (261, 61, 50, 'Tenetur labore repellat nemo nihil ut nesciunt quia corporis. Aut aut ipsa cumque nostrum debitis. Aliquid quas eos quibusdam. Deserunt officiis enim possimus.', 1, 0, 1, '1973-06-16 16:06:17');
INSERT INTO `messages` (`id`, `from_user_id`, `to_user_id`, `body`, `is_important`, `is_delivered`, `is_deleted`, `created_at`) VALUES (262, 62, 11, 'Aut maiores perferendis suscipit hic. Qui assumenda et omnis. Voluptatem earum dolor sit tenetur rerum labore.', 1, 0, 0, '1978-02-09 17:46:14');
INSERT INTO `messages` (`id`, `from_user_id`, `to_user_id`, `body`, `is_important`, `is_delivered`, `is_deleted`, `created_at`) VALUES (263, 63, 24, 'Autem optio quod earum aut ullam velit. Quia voluptatem maiores repellendus sed et voluptatem error. Architecto rerum quia est magni id facere est.', 0, 1, 0, '1975-02-02 11:00:36');
INSERT INTO `messages` (`id`, `from_user_id`, `to_user_id`, `body`, `is_important`, `is_delivered`, `is_deleted`, `created_at`) VALUES (264, 64, 48, 'Non a natus laudantium nam. Animi voluptas accusantium dolorem nisi. Nostrum porro amet fuga porro eum excepturi.', 1, 1, 0, '1972-10-01 16:04:36');
INSERT INTO `messages` (`id`, `from_user_id`, `to_user_id`, `body`, `is_important`, `is_delivered`, `is_deleted`, `created_at`) VALUES (265, 65, 64, 'Tempore corrupti minima ad et. Voluptates ut voluptas et eaque. Provident et at et laboriosam quia.', 0, 1, 0, '1982-12-03 14:43:10');
INSERT INTO `messages` (`id`, `from_user_id`, `to_user_id`, `body`, `is_important`, `is_delivered`, `is_deleted`, `created_at`) VALUES (266, 66, 65, 'Deserunt minima reiciendis eveniet in vel. Aliquid voluptatem beatae possimus vel reprehenderit cupiditate. Iure dicta et fuga quis ea. Voluptatem accusamus amet explicabo sed qui esse.', 0, 0, 0, '1985-08-10 22:55:53');
INSERT INTO `messages` (`id`, `from_user_id`, `to_user_id`, `body`, `is_important`, `is_delivered`, `is_deleted`, `created_at`) VALUES (267, 67, 15, 'Voluptatum commodi amet quos quam dolorem tenetur. Autem eius non et autem velit nesciunt. Repudiandae nulla quaerat magnam ipsum maiores et odit.', 0, 1, 1, '1988-09-16 06:55:04');
INSERT INTO `messages` (`id`, `from_user_id`, `to_user_id`, `body`, `is_important`, `is_delivered`, `is_deleted`, `created_at`) VALUES (268, 68, 63, 'Est possimus consequatur omnis id et accusantium consequatur. Cum distinctio rerum sint commodi autem. Earum modi nostrum eos ut ut dolor dignissimos. In ad corrupti omnis voluptas.', 1, 1, 1, '1989-10-05 11:22:55');
INSERT INTO `messages` (`id`, `from_user_id`, `to_user_id`, `body`, `is_important`, `is_delivered`, `is_deleted`, `created_at`) VALUES (269, 69, 67, 'Harum provident repudiandae velit et natus quia dolorum. Minima voluptatem voluptatem qui optio enim et harum. Ut nihil sed unde voluptatum aut aut.', 1, 0, 0, '2019-06-09 16:59:52');
INSERT INTO `messages` (`id`, `from_user_id`, `to_user_id`, `body`, `is_important`, `is_delivered`, `is_deleted`, `created_at`) VALUES (270, 70, 96, 'Id et cum ex. Totam in facere sed commodi. Et qui nostrum atque.', 1, 1, 0, '2000-01-07 22:00:35');
INSERT INTO `messages` (`id`, `from_user_id`, `to_user_id`, `body`, `is_important`, `is_delivered`, `is_deleted`, `created_at`) VALUES (271, 71, 89, 'Cupiditate sit sed non sapiente non sit et. Illo in quo recusandae et aut sunt explicabo a. Laboriosam officiis natus dolorem sunt est nisi porro. Error voluptatibus aut a ea quidem blanditiis.', 0, 0, 1, '2000-07-11 05:29:01');
INSERT INTO `messages` (`id`, `from_user_id`, `to_user_id`, `body`, `is_important`, `is_delivered`, `is_deleted`, `created_at`) VALUES (272, 72, 54, 'Praesentium ipsam nisi sunt cupiditate ut voluptatem. Quo ea et eaque quibusdam dolores reiciendis reprehenderit. Consequuntur cumque optio inventore odio alias fugit illum.', 1, 0, 0, '1973-03-02 12:50:19');
INSERT INTO `messages` (`id`, `from_user_id`, `to_user_id`, `body`, `is_important`, `is_delivered`, `is_deleted`, `created_at`) VALUES (273, 73, 20, 'Vel libero nisi quo voluptate cum. Eveniet aut est aspernatur est quia. Laborum voluptatem ex sapiente tempora expedita commodi.', 1, 1, 1, '2001-12-24 04:17:31');
INSERT INTO `messages` (`id`, `from_user_id`, `to_user_id`, `body`, `is_important`, `is_delivered`, `is_deleted`, `created_at`) VALUES (274, 74, 54, 'Porro maiores est praesentium odit nesciunt est. Iusto sit modi commodi odio incidunt quae voluptatem dolor. Commodi reiciendis animi rerum enim voluptas veniam. Nisi pariatur eum quia sed.', 1, 1, 1, '1983-10-27 14:43:07');
INSERT INTO `messages` (`id`, `from_user_id`, `to_user_id`, `body`, `is_important`, `is_delivered`, `is_deleted`, `created_at`) VALUES (275, 75, 97, 'Nulla ab quia libero veniam qui. Tenetur dolore reiciendis commodi sint totam quidem aspernatur provident. Odio atque cumque praesentium quidem qui error. Accusamus sed labore sed aut quibusdam provident.', 1, 0, 1, '1990-06-03 03:08:44');
INSERT INTO `messages` (`id`, `from_user_id`, `to_user_id`, `body`, `is_important`, `is_delivered`, `is_deleted`, `created_at`) VALUES (276, 76, 57, 'Saepe laborum explicabo quia magni quia. Nobis repellendus et illum voluptatem dolores. Accusamus quos ex ullam qui cum dolor.', 0, 0, 0, '1970-05-07 23:59:09');
INSERT INTO `messages` (`id`, `from_user_id`, `to_user_id`, `body`, `is_important`, `is_delivered`, `is_deleted`, `created_at`) VALUES (277, 77, 31, 'Adipisci et eum expedita soluta laboriosam iusto. Vitae doloremque nihil et est et. Ad qui est sunt sapiente velit aliquam fuga. Ad aut deserunt cumque cupiditate quasi delectus.', 1, 1, 0, '1987-07-10 16:02:22');
INSERT INTO `messages` (`id`, `from_user_id`, `to_user_id`, `body`, `is_important`, `is_delivered`, `is_deleted`, `created_at`) VALUES (278, 78, 37, 'Exercitationem sit velit magnam facilis nostrum eum. Id voluptas ut quis. Autem dolores ipsa quis praesentium. Aut rerum ut ex maxime molestiae.', 1, 0, 1, '1997-07-02 20:57:26');
INSERT INTO `messages` (`id`, `from_user_id`, `to_user_id`, `body`, `is_important`, `is_delivered`, `is_deleted`, `created_at`) VALUES (279, 79, 74, 'Optio voluptatem nihil minima. Cumque minima quo quia minima molestiae provident numquam. Consectetur nam aliquam nostrum. Facere minima a ducimus et debitis culpa quos rerum.', 1, 0, 0, '1996-12-08 23:14:56');
INSERT INTO `messages` (`id`, `from_user_id`, `to_user_id`, `body`, `is_important`, `is_delivered`, `is_deleted`, `created_at`) VALUES (280, 80, 92, 'Exercitationem quasi quibusdam consectetur repudiandae. Qui rerum blanditiis sit voluptas qui.', 1, 0, 0, '1979-08-02 15:49:20');
INSERT INTO `messages` (`id`, `from_user_id`, `to_user_id`, `body`, `is_important`, `is_delivered`, `is_deleted`, `created_at`) VALUES (281, 81, 35, 'Aut sint nostrum delectus quasi. Distinctio itaque deleniti nihil. Non sed nam quis id.', 0, 0, 1, '2003-05-14 00:27:50');
INSERT INTO `messages` (`id`, `from_user_id`, `to_user_id`, `body`, `is_important`, `is_delivered`, `is_deleted`, `created_at`) VALUES (282, 82, 7, 'Neque esse dolorem eligendi accusantium reiciendis. Cumque quia commodi distinctio ducimus. Atque nesciunt reiciendis culpa. Placeat et laudantium eos error omnis velit sit.', 1, 1, 1, '2019-03-22 20:10:38');
INSERT INTO `messages` (`id`, `from_user_id`, `to_user_id`, `body`, `is_important`, `is_delivered`, `is_deleted`, `created_at`) VALUES (283, 83, 11, 'Dolorem et cupiditate hic dolorem. Fugiat numquam ex voluptatem dolores aut eum. Cupiditate aliquid dolorum cum voluptates earum.', 0, 0, 1, '1976-06-18 06:07:26');
INSERT INTO `messages` (`id`, `from_user_id`, `to_user_id`, `body`, `is_important`, `is_delivered`, `is_deleted`, `created_at`) VALUES (284, 84, 34, 'Harum commodi ipsum quam veniam. Aut dolor cum accusamus.', 0, 0, 0, '1979-05-19 10:51:04');
INSERT INTO `messages` (`id`, `from_user_id`, `to_user_id`, `body`, `is_important`, `is_delivered`, `is_deleted`, `created_at`) VALUES (285, 85, 39, 'Consequuntur odio laboriosam consequatur veniam. Voluptatem non ipsum asperiores repudiandae quis aut veritatis. Sunt et facere enim sequi.', 0, 1, 0, '1975-02-07 12:17:50');
INSERT INTO `messages` (`id`, `from_user_id`, `to_user_id`, `body`, `is_important`, `is_delivered`, `is_deleted`, `created_at`) VALUES (286, 86, 36, 'Nihil quaerat itaque quam ratione similique voluptas eum. Dignissimos est qui et sed dolores non. Delectus molestias ex quis quia vel temporibus.', 0, 1, 0, '2006-11-22 09:50:59');
INSERT INTO `messages` (`id`, `from_user_id`, `to_user_id`, `body`, `is_important`, `is_delivered`, `is_deleted`, `created_at`) VALUES (287, 87, 80, 'Itaque iste et praesentium tempore quaerat. Hic suscipit aut consequatur enim et et rerum esse. Voluptatem assumenda autem et sint exercitationem.', 0, 0, 0, '1974-11-29 17:28:01');
INSERT INTO `messages` (`id`, `from_user_id`, `to_user_id`, `body`, `is_important`, `is_delivered`, `is_deleted`, `created_at`) VALUES (288, 88, 88, 'At aspernatur dolorum quo doloribus. Dignissimos temporibus aperiam earum quae sapiente. Expedita nisi voluptas maxime ab non consequuntur est at.', 0, 1, 1, '1992-12-14 15:48:06');
INSERT INTO `messages` (`id`, `from_user_id`, `to_user_id`, `body`, `is_important`, `is_delivered`, `is_deleted`, `created_at`) VALUES (289, 89, 74, 'Consequuntur saepe alias blanditiis harum dolores numquam est. Dolor deserunt quia id fugit. Odio laboriosam incidunt exercitationem quaerat et delectus. Ex similique ab molestias aut ratione dolorum vero.', 1, 1, 0, '1982-11-08 09:54:39');
INSERT INTO `messages` (`id`, `from_user_id`, `to_user_id`, `body`, `is_important`, `is_delivered`, `is_deleted`, `created_at`) VALUES (290, 90, 57, 'Ut autem magni rerum et aliquam aut. Est soluta adipisci vel sed quisquam optio sapiente. Autem et reprehenderit molestiae consequatur.', 0, 1, 1, '1991-07-27 14:51:01');
INSERT INTO `messages` (`id`, `from_user_id`, `to_user_id`, `body`, `is_important`, `is_delivered`, `is_deleted`, `created_at`) VALUES (291, 91, 62, 'Doloremque omnis quaerat id ea. Eos expedita quos at alias tempora quis. Natus laboriosam sunt ut qui. Iusto qui ipsa aut officiis ab quibusdam. Enim veniam repudiandae aperiam tempora reiciendis aspernatur.', 1, 0, 1, '2006-09-30 22:00:52');
INSERT INTO `messages` (`id`, `from_user_id`, `to_user_id`, `body`, `is_important`, `is_delivered`, `is_deleted`, `created_at`) VALUES (292, 92, 3, 'Dolorem sed quasi voluptas deserunt non et molestias. Quis voluptatem eius est eveniet et. Pariatur pariatur aut laborum quam vel saepe. Nisi enim cum quam praesentium dolor et earum.', 1, 0, 1, '1983-05-01 00:57:25');
INSERT INTO `messages` (`id`, `from_user_id`, `to_user_id`, `body`, `is_important`, `is_delivered`, `is_deleted`, `created_at`) VALUES (293, 93, 22, 'Reprehenderit animi sit minima alias accusamus tempora explicabo. Repellat officia voluptatem assumenda aut velit veritatis. Eum optio sapiente omnis quibusdam in aspernatur. Dolores veniam et consequatur est quia autem.', 1, 1, 0, '2016-03-06 12:52:11');
INSERT INTO `messages` (`id`, `from_user_id`, `to_user_id`, `body`, `is_important`, `is_delivered`, `is_deleted`, `created_at`) VALUES (294, 94, 87, 'Id sed omnis sed assumenda enim. Molestias quis eos consectetur aut. Quasi quas nemo optio delectus occaecati quis et. Velit blanditiis iure enim dolores ut.', 0, 1, 0, '1976-09-05 16:22:36');
INSERT INTO `messages` (`id`, `from_user_id`, `to_user_id`, `body`, `is_important`, `is_delivered`, `is_deleted`, `created_at`) VALUES (295, 95, 80, 'Dolor sit repellendus est incidunt molestiae esse quaerat. Incidunt in voluptas neque ut. Reiciendis officiis ut totam soluta dolores est enim repellendus. Odio molestiae molestiae et voluptatem voluptates minima maiores.', 0, 0, 0, '1985-12-24 05:54:13');
INSERT INTO `messages` (`id`, `from_user_id`, `to_user_id`, `body`, `is_important`, `is_delivered`, `is_deleted`, `created_at`) VALUES (296, 96, 20, 'In tenetur optio ut est molestias consequuntur perspiciatis. Deserunt voluptas eum adipisci doloribus in et sequi voluptatem. Fugit impedit optio molestiae molestiae magni accusantium perferendis. Quae est veniam harum error.', 0, 0, 1, '1974-01-21 08:36:25');
INSERT INTO `messages` (`id`, `from_user_id`, `to_user_id`, `body`, `is_important`, `is_delivered`, `is_deleted`, `created_at`) VALUES (297, 97, 25, 'Impedit est eos quos et cumque vero omnis. Saepe est fugiat reiciendis et qui. Laboriosam voluptatibus dolores ducimus exercitationem.', 0, 1, 1, '1991-04-10 19:19:44');
INSERT INTO `messages` (`id`, `from_user_id`, `to_user_id`, `body`, `is_important`, `is_delivered`, `is_deleted`, `created_at`) VALUES (298, 98, 11, 'Commodi exercitationem quasi fugiat. Excepturi facilis sed inventore sequi. Assumenda voluptatem non quo optio commodi nobis tempore. Maiores esse tenetur provident eum laborum quis delectus.', 1, 1, 1, '1992-10-17 12:22:03');
INSERT INTO `messages` (`id`, `from_user_id`, `to_user_id`, `body`, `is_important`, `is_delivered`, `is_deleted`, `created_at`) VALUES (299, 99, 39, 'Explicabo maiores sed sint assumenda nobis reiciendis et minus. Aliquid est quis dolorem non velit est. Perspiciatis nam consequuntur maiores est qui in alias. Inventore ut vero autem eius.', 0, 1, 1, '1981-06-16 21:13:33');
INSERT INTO `messages` (`id`, `from_user_id`, `to_user_id`, `body`, `is_important`, `is_delivered`, `is_deleted`, `created_at`) VALUES (300, 100, 53, 'Ut et sed repellat asperiores. Qui ut vitae quaerat laborum et tempora repudiandae. Sint accusamus tempora enim doloremque at. Culpa eveniet aliquid voluptate ut voluptate explicabo architecto.', 1, 0, 0, '2016-10-07 18:02:03');


#
# TABLE STRUCTURE FOR: profiles
#

DROP TABLE IF EXISTS `profiles`;

CREATE TABLE `profiles` (
  `user_id` int(10) unsigned NOT NULL,
  `sex` char(1) COLLATE utf8_unicode_ci NOT NULL,
  `birthday` date DEFAULT NULL,
  `hometown` varchar(100) COLLATE utf8_unicode_ci DEFAULT NULL,
  `photo_id` int(10) unsigned NOT NULL,
  PRIMARY KEY (`user_id`)
) ENGINE=InnoDB DEFAULT CHARSET=utf8 COLLATE=utf8_unicode_ci;

INSERT INTO `profiles` (`user_id`, `sex`, `birthday`, `hometown`, `photo_id`) VALUES (1, 'm', '1997-09-04', 'North Ebba', 67);
INSERT INTO `profiles` (`user_id`, `sex`, `birthday`, `hometown`, `photo_id`) VALUES (2, 'f', '1990-09-13', 'Bergnaumview', 53);
INSERT INTO `profiles` (`user_id`, `sex`, `birthday`, `hometown`, `photo_id`) VALUES (3, 'm', '2014-03-16', 'Willville', 47);
INSERT INTO `profiles` (`user_id`, `sex`, `birthday`, `hometown`, `photo_id`) VALUES (4, 'm', '1971-07-04', 'New Lia', 25);
INSERT INTO `profiles` (`user_id`, `sex`, `birthday`, `hometown`, `photo_id`) VALUES (5, 'f', '2008-07-18', 'New Erichport', 35);
INSERT INTO `profiles` (`user_id`, `sex`, `birthday`, `hometown`, `photo_id`) VALUES (6, 'm', '2011-10-09', 'Lake Mae', 12);
INSERT INTO `profiles` (`user_id`, `sex`, `birthday`, `hometown`, `photo_id`) VALUES (7, 'm', '1981-08-22', 'Port Liafort', 99);
INSERT INTO `profiles` (`user_id`, `sex`, `birthday`, `hometown`, `photo_id`) VALUES (8, 'm', '1980-04-16', 'Drewbury', 7);
INSERT INTO `profiles` (`user_id`, `sex`, `birthday`, `hometown`, `photo_id`) VALUES (9, 'f', '2009-12-14', 'Douglasburgh', 49);
INSERT INTO `profiles` (`user_id`, `sex`, `birthday`, `hometown`, `photo_id`) VALUES (10, 'f', '1971-05-24', 'Caliberg', 57);
INSERT INTO `profiles` (`user_id`, `sex`, `birthday`, `hometown`, `photo_id`) VALUES (11, 'f', '1973-11-21', 'Vallieside', 47);
INSERT INTO `profiles` (`user_id`, `sex`, `birthday`, `hometown`, `photo_id`) VALUES (12, 'f', '1987-02-12', 'New Connieland', 42);
INSERT INTO `profiles` (`user_id`, `sex`, `birthday`, `hometown`, `photo_id`) VALUES (13, 'f', '2003-02-12', 'South Marjorieberg', 88);
INSERT INTO `profiles` (`user_id`, `sex`, `birthday`, `hometown`, `photo_id`) VALUES (14, 'f', '1997-04-19', 'Annamarieside', 31);
INSERT INTO `profiles` (`user_id`, `sex`, `birthday`, `hometown`, `photo_id`) VALUES (15, 'f', '2014-04-23', 'New Rosetta', 90);
INSERT INTO `profiles` (`user_id`, `sex`, `birthday`, `hometown`, `photo_id`) VALUES (16, 'f', '2007-09-07', 'Rollinmouth', 77);
INSERT INTO `profiles` (`user_id`, `sex`, `birthday`, `hometown`, `photo_id`) VALUES (17, 'm', '2012-03-24', 'South Angelinaberg', 87);
INSERT INTO `profiles` (`user_id`, `sex`, `birthday`, `hometown`, `photo_id`) VALUES (18, 'm', '2002-05-28', 'Port Amaya', 71);
INSERT INTO `profiles` (`user_id`, `sex`, `birthday`, `hometown`, `photo_id`) VALUES (19, 'm', '2002-01-09', 'Port Annamariemouth', 83);
INSERT INTO `profiles` (`user_id`, `sex`, `birthday`, `hometown`, `photo_id`) VALUES (20, 'm', '1983-02-02', 'Kuhlmanton', 46);
INSERT INTO `profiles` (`user_id`, `sex`, `birthday`, `hometown`, `photo_id`) VALUES (21, 'm', '1981-04-25', 'New Yasmeen', 8);
INSERT INTO `profiles` (`user_id`, `sex`, `birthday`, `hometown`, `photo_id`) VALUES (22, 'f', '2004-02-07', 'East Jimmiefort', 6);
INSERT INTO `profiles` (`user_id`, `sex`, `birthday`, `hometown`, `photo_id`) VALUES (23, 'f', '1989-08-16', 'Port Jerry', 70);
INSERT INTO `profiles` (`user_id`, `sex`, `birthday`, `hometown`, `photo_id`) VALUES (24, 'f', '1970-02-09', 'East Walker', 68);
INSERT INTO `profiles` (`user_id`, `sex`, `birthday`, `hometown`, `photo_id`) VALUES (25, 'f', '2006-04-08', 'West Alanis', 2);
INSERT INTO `profiles` (`user_id`, `sex`, `birthday`, `hometown`, `photo_id`) VALUES (26, 'f', '2018-09-26', 'Lake Clotildeburgh', 98);
INSERT INTO `profiles` (`user_id`, `sex`, `birthday`, `hometown`, `photo_id`) VALUES (27, 'm', '2005-04-20', 'Tayaside', 3);
INSERT INTO `profiles` (`user_id`, `sex`, `birthday`, `hometown`, `photo_id`) VALUES (28, 'f', '1995-08-24', 'New Orin', 35);
INSERT INTO `profiles` (`user_id`, `sex`, `birthday`, `hometown`, `photo_id`) VALUES (29, 'f', '2016-08-20', 'Simonishaven', 73);
INSERT INTO `profiles` (`user_id`, `sex`, `birthday`, `hometown`, `photo_id`) VALUES (30, 'f', '1992-10-16', 'East Jevonton', 73);
INSERT INTO `profiles` (`user_id`, `sex`, `birthday`, `hometown`, `photo_id`) VALUES (31, 'm', '1991-08-12', 'Zboncakstad', 37);
INSERT INTO `profiles` (`user_id`, `sex`, `birthday`, `hometown`, `photo_id`) VALUES (32, 'm', '1992-03-24', 'Port Tremaynemouth', 98);
INSERT INTO `profiles` (`user_id`, `sex`, `birthday`, `hometown`, `photo_id`) VALUES (33, 'm', '1993-01-03', 'North Darioton', 40);
INSERT INTO `profiles` (`user_id`, `sex`, `birthday`, `hometown`, `photo_id`) VALUES (34, 'm', '2017-04-18', 'West Hope', 50);
INSERT INTO `profiles` (`user_id`, `sex`, `birthday`, `hometown`, `photo_id`) VALUES (35, 'm', '2010-04-23', 'Nicolasfort', 17);
INSERT INTO `profiles` (`user_id`, `sex`, `birthday`, `hometown`, `photo_id`) VALUES (36, 'm', '1977-09-03', 'Runteberg', 41);
INSERT INTO `profiles` (`user_id`, `sex`, `birthday`, `hometown`, `photo_id`) VALUES (37, 'f', '1981-03-01', 'Port Llewellyn', 32);
INSERT INTO `profiles` (`user_id`, `sex`, `birthday`, `hometown`, `photo_id`) VALUES (38, 'm', '1988-03-16', 'Maudiechester', 84);
INSERT INTO `profiles` (`user_id`, `sex`, `birthday`, `hometown`, `photo_id`) VALUES (39, 'f', '2019-01-20', 'Schummport', 72);
INSERT INTO `profiles` (`user_id`, `sex`, `birthday`, `hometown`, `photo_id`) VALUES (40, 'm', '2019-10-04', 'Bauchmouth', 8);
INSERT INTO `profiles` (`user_id`, `sex`, `birthday`, `hometown`, `photo_id`) VALUES (41, 'f', '1977-01-23', 'West Timmy', 65);
INSERT INTO `profiles` (`user_id`, `sex`, `birthday`, `hometown`, `photo_id`) VALUES (42, 'f', '1990-10-08', 'Smithview', 69);
INSERT INTO `profiles` (`user_id`, `sex`, `birthday`, `hometown`, `photo_id`) VALUES (43, 'f', '1972-03-03', 'West Kylehaven', 65);
INSERT INTO `profiles` (`user_id`, `sex`, `birthday`, `hometown`, `photo_id`) VALUES (44, 'f', '1987-12-18', 'Arturostad', 52);
INSERT INTO `profiles` (`user_id`, `sex`, `birthday`, `hometown`, `photo_id`) VALUES (45, 'm', '2011-12-16', 'Nealberg', 35);
INSERT INTO `profiles` (`user_id`, `sex`, `birthday`, `hometown`, `photo_id`) VALUES (46, 'm', '2001-08-04', 'East Nicola', 64);
INSERT INTO `profiles` (`user_id`, `sex`, `birthday`, `hometown`, `photo_id`) VALUES (47, 'm', '1997-01-23', 'Prohaskashire', 35);
INSERT INTO `profiles` (`user_id`, `sex`, `birthday`, `hometown`, `photo_id`) VALUES (48, 'm', '2005-10-10', 'Maggioview', 19);
INSERT INTO `profiles` (`user_id`, `sex`, `birthday`, `hometown`, `photo_id`) VALUES (49, 'm', '1979-05-11', 'West Biankaborough', 77);
INSERT INTO `profiles` (`user_id`, `sex`, `birthday`, `hometown`, `photo_id`) VALUES (50, 'f', '1973-12-19', 'Port Sigmundburgh', 77);
INSERT INTO `profiles` (`user_id`, `sex`, `birthday`, `hometown`, `photo_id`) VALUES (51, 'f', '1973-01-01', 'West Tiarastad', 88);
INSERT INTO `profiles` (`user_id`, `sex`, `birthday`, `hometown`, `photo_id`) VALUES (52, 'f', '1986-01-21', 'New Gudrunberg', 51);
INSERT INTO `profiles` (`user_id`, `sex`, `birthday`, `hometown`, `photo_id`) VALUES (53, 'm', '1984-06-24', 'South Heloisebury', 21);
INSERT INTO `profiles` (`user_id`, `sex`, `birthday`, `hometown`, `photo_id`) VALUES (54, 'm', '1986-01-19', 'Lubowitzfort', 35);
INSERT INTO `profiles` (`user_id`, `sex`, `birthday`, `hometown`, `photo_id`) VALUES (55, 'm', '1980-06-09', 'Port Christelle', 37);
INSERT INTO `profiles` (`user_id`, `sex`, `birthday`, `hometown`, `photo_id`) VALUES (56, 'm', '1975-01-18', 'Lake Julietmouth', 84);
INSERT INTO `profiles` (`user_id`, `sex`, `birthday`, `hometown`, `photo_id`) VALUES (57, 'f', '2013-03-11', 'Lake Alisamouth', 76);
INSERT INTO `profiles` (`user_id`, `sex`, `birthday`, `hometown`, `photo_id`) VALUES (58, 'f', '1978-04-23', 'Griffintown', 15);
INSERT INTO `profiles` (`user_id`, `sex`, `birthday`, `hometown`, `photo_id`) VALUES (59, 'm', '1995-10-01', 'Hintzville', 70);
INSERT INTO `profiles` (`user_id`, `sex`, `birthday`, `hometown`, `photo_id`) VALUES (60, 'f', '1982-02-07', 'East Aryanna', 16);
INSERT INTO `profiles` (`user_id`, `sex`, `birthday`, `hometown`, `photo_id`) VALUES (61, 'm', '1970-10-11', 'Kuhicfurt', 99);
INSERT INTO `profiles` (`user_id`, `sex`, `birthday`, `hometown`, `photo_id`) VALUES (62, 'm', '1993-04-06', 'Heaneybury', 70);
INSERT INTO `profiles` (`user_id`, `sex`, `birthday`, `hometown`, `photo_id`) VALUES (63, 'm', '2003-01-02', 'Elnoraberg', 46);
INSERT INTO `profiles` (`user_id`, `sex`, `birthday`, `hometown`, `photo_id`) VALUES (64, 'm', '2008-07-09', 'North Jonville', 5);
INSERT INTO `profiles` (`user_id`, `sex`, `birthday`, `hometown`, `photo_id`) VALUES (65, 'm', '2014-04-25', 'North Francis', 3);
INSERT INTO `profiles` (`user_id`, `sex`, `birthday`, `hometown`, `photo_id`) VALUES (66, 'm', '1971-12-14', 'North Elizaport', 77);
INSERT INTO `profiles` (`user_id`, `sex`, `birthday`, `hometown`, `photo_id`) VALUES (67, 'f', '1987-07-04', 'South Harley', 66);
INSERT INTO `profiles` (`user_id`, `sex`, `birthday`, `hometown`, `photo_id`) VALUES (68, 'f', '1986-04-05', 'Lake Corine', 26);
INSERT INTO `profiles` (`user_id`, `sex`, `birthday`, `hometown`, `photo_id`) VALUES (69, 'f', '2010-08-16', 'Candicemouth', 32);
INSERT INTO `profiles` (`user_id`, `sex`, `birthday`, `hometown`, `photo_id`) VALUES (70, 'm', '1997-04-14', 'South Louiemouth', 82);
INSERT INTO `profiles` (`user_id`, `sex`, `birthday`, `hometown`, `photo_id`) VALUES (71, 'm', '1976-01-20', 'North Elishabury', 85);
INSERT INTO `profiles` (`user_id`, `sex`, `birthday`, `hometown`, `photo_id`) VALUES (72, 'm', '2013-05-19', 'Faychester', 100);
INSERT INTO `profiles` (`user_id`, `sex`, `birthday`, `hometown`, `photo_id`) VALUES (73, 'f', '2017-02-17', 'East Rosalinda', 58);
INSERT INTO `profiles` (`user_id`, `sex`, `birthday`, `hometown`, `photo_id`) VALUES (74, 'f', '1982-02-03', 'Marysebury', 75);
INSERT INTO `profiles` (`user_id`, `sex`, `birthday`, `hometown`, `photo_id`) VALUES (75, 'm', '1990-10-08', 'New Alethaview', 54);
INSERT INTO `profiles` (`user_id`, `sex`, `birthday`, `hometown`, `photo_id`) VALUES (76, 'f', '2018-10-30', 'Kathrynestad', 27);
INSERT INTO `profiles` (`user_id`, `sex`, `birthday`, `hometown`, `photo_id`) VALUES (77, 'f', '2002-07-16', 'New Norberto', 78);
INSERT INTO `profiles` (`user_id`, `sex`, `birthday`, `hometown`, `photo_id`) VALUES (78, 'f', '2006-06-16', 'North Laverna', 92);
INSERT INTO `profiles` (`user_id`, `sex`, `birthday`, `hometown`, `photo_id`) VALUES (79, 'm', '1994-07-05', 'South Marina', 12);
INSERT INTO `profiles` (`user_id`, `sex`, `birthday`, `hometown`, `photo_id`) VALUES (80, 'm', '1996-06-12', 'North Monroetown', 87);
INSERT INTO `profiles` (`user_id`, `sex`, `birthday`, `hometown`, `photo_id`) VALUES (81, 'f', '1978-09-18', 'Nellaland', 85);
INSERT INTO `profiles` (`user_id`, `sex`, `birthday`, `hometown`, `photo_id`) VALUES (82, 'm', '2010-01-16', 'New Laurettaton', 20);
INSERT INTO `profiles` (`user_id`, `sex`, `birthday`, `hometown`, `photo_id`) VALUES (83, 'f', '1972-01-28', 'Lake Dayne', 96);
INSERT INTO `profiles` (`user_id`, `sex`, `birthday`, `hometown`, `photo_id`) VALUES (84, 'f', '2001-05-13', 'Howellport', 84);
INSERT INTO `profiles` (`user_id`, `sex`, `birthday`, `hometown`, `photo_id`) VALUES (85, 'f', '2003-10-25', 'East Frankview', 91);
INSERT INTO `profiles` (`user_id`, `sex`, `birthday`, `hometown`, `photo_id`) VALUES (86, 'f', '1981-02-23', 'Ankundingview', 80);
INSERT INTO `profiles` (`user_id`, `sex`, `birthday`, `hometown`, `photo_id`) VALUES (87, 'f', '1983-04-01', 'Jerryburgh', 36);
INSERT INTO `profiles` (`user_id`, `sex`, `birthday`, `hometown`, `photo_id`) VALUES (88, 'f', '1981-01-05', 'Lake Audra', 74);
INSERT INTO `profiles` (`user_id`, `sex`, `birthday`, `hometown`, `photo_id`) VALUES (89, 'm', '2005-10-03', 'West Minniestad', 32);
INSERT INTO `profiles` (`user_id`, `sex`, `birthday`, `hometown`, `photo_id`) VALUES (90, 'm', '2001-12-15', 'North Gladycechester', 55);
INSERT INTO `profiles` (`user_id`, `sex`, `birthday`, `hometown`, `photo_id`) VALUES (91, 'm', '2009-05-10', 'Hellerfurt', 78);
INSERT INTO `profiles` (`user_id`, `sex`, `birthday`, `hometown`, `photo_id`) VALUES (92, 'f', '1990-04-06', 'New Osborne', 77);
INSERT INTO `profiles` (`user_id`, `sex`, `birthday`, `hometown`, `photo_id`) VALUES (93, 'f', '2019-02-19', 'Juliannestad', 64);
INSERT INTO `profiles` (`user_id`, `sex`, `birthday`, `hometown`, `photo_id`) VALUES (94, 'f', '1999-03-09', 'Efrentown', 53);
INSERT INTO `profiles` (`user_id`, `sex`, `birthday`, `hometown`, `photo_id`) VALUES (95, 'm', '1996-11-25', 'East Bernietown', 5);
INSERT INTO `profiles` (`user_id`, `sex`, `birthday`, `hometown`, `photo_id`) VALUES (96, 'm', '2014-03-10', 'New Paolo', 52);
INSERT INTO `profiles` (`user_id`, `sex`, `birthday`, `hometown`, `photo_id`) VALUES (97, 'f', '1985-11-07', 'South Florenceberg', 67);
INSERT INTO `profiles` (`user_id`, `sex`, `birthday`, `hometown`, `photo_id`) VALUES (98, 'f', '2015-03-04', 'Howefort', 43);
INSERT INTO `profiles` (`user_id`, `sex`, `birthday`, `hometown`, `photo_id`) VALUES (99, 'f', '1996-08-30', 'North Modestoside', 36);
INSERT INTO `profiles` (`user_id`, `sex`, `birthday`, `hometown`, `photo_id`) VALUES (100, 'f', '2011-08-28', 'East Katherinemouth', 21);


#
# TABLE STRUCTURE FOR: users
#

DROP TABLE IF EXISTS `users`;

CREATE TABLE `users` (
  `id` int(10) unsigned NOT NULL AUTO_INCREMENT,
  `first_name` varchar(100) COLLATE utf8_unicode_ci NOT NULL,
  `last_name` varchar(100) COLLATE utf8_unicode_ci NOT NULL,
  `email` varchar(120) COLLATE utf8_unicode_ci NOT NULL,
  `phone` varchar(30) COLLATE utf8_unicode_ci NOT NULL,
  `created_at` datetime DEFAULT current_timestamp(),
  `updated_at` datetime DEFAULT current_timestamp() ON UPDATE current_timestamp(),
  PRIMARY KEY (`id`),
  UNIQUE KEY `email` (`email`),
  UNIQUE KEY `phone` (`phone`)
) ENGINE=InnoDB AUTO_INCREMENT=101 DEFAULT CHARSET=utf8 COLLATE=utf8_unicode_ci;

INSERT INTO `users` (`id`, `first_name`, `last_name`, `email`, `phone`, `created_at`, `updated_at`) VALUES (1, 'Martin', 'White', 'zmorissette@example.net', '03787189953', '2012-02-26 10:12:56', '1981-07-20 15:11:58');
INSERT INTO `users` (`id`, `first_name`, `last_name`, `email`, `phone`, `created_at`, `updated_at`) VALUES (2, 'Candice', 'Nader', 'schamberger.asa@example.net', '(079)284-9115x34508', '1989-11-14 17:26:48', '1994-04-23 07:01:42');
INSERT INTO `users` (`id`, `first_name`, `last_name`, `email`, `phone`, `created_at`, `updated_at`) VALUES (3, 'Sadie', 'Hintz', 'toy.glennie@example.org', '00566867222', '1973-03-10 23:16:12', '2001-04-22 13:12:54');
INSERT INTO `users` (`id`, `first_name`, `last_name`, `email`, `phone`, `created_at`, `updated_at`) VALUES (4, 'Camren', 'Heidenreich', 'amohr@example.org', '(450)085-0126', '2017-01-08 01:43:20', '1988-05-10 21:55:20');
INSERT INTO `users` (`id`, `first_name`, `last_name`, `email`, `phone`, `created_at`, `updated_at`) VALUES (5, 'Alvina', 'Hudson', 'ben.jacobs@example.org', '(225)877-8282x536', '1993-07-19 11:59:20', '1986-08-23 04:18:22');
INSERT INTO `users` (`id`, `first_name`, `last_name`, `email`, `phone`, `created_at`, `updated_at`) VALUES (6, 'Rocio', 'Emmerich', 'doris.schinner@example.org', '1-559-518-7989x0627', '2014-03-04 15:23:14', '1987-07-28 21:11:18');
INSERT INTO `users` (`id`, `first_name`, `last_name`, `email`, `phone`, `created_at`, `updated_at`) VALUES (7, 'Kiera', 'Walter', 'skye68@example.com', '761.223.3766x78325', '1986-12-31 18:53:47', '2011-06-30 10:11:27');
INSERT INTO `users` (`id`, `first_name`, `last_name`, `email`, `phone`, `created_at`, `updated_at`) VALUES (8, 'Sim', 'Stehr', 'hermina91@example.org', '+13(2)4545110114', '1994-05-17 05:52:46', '2002-01-02 23:11:22');
INSERT INTO `users` (`id`, `first_name`, `last_name`, `email`, `phone`, `created_at`, `updated_at`) VALUES (9, 'Loma', 'Collier', 'kheller@example.com', '(233)421-8192', '2015-03-25 12:12:04', '1984-07-29 00:13:43');
INSERT INTO `users` (`id`, `first_name`, `last_name`, `email`, `phone`, `created_at`, `updated_at`) VALUES (10, 'Virginie', 'McCullough', 'asa.larson@example.org', '09831323709', '1973-04-14 01:47:11', '1999-01-22 07:10:30');
INSERT INTO `users` (`id`, `first_name`, `last_name`, `email`, `phone`, `created_at`, `updated_at`) VALUES (11, 'Delbert', 'Erdman', 'ko\'hara@example.net', '1-250-370-8879', '2006-07-08 17:30:03', '1992-11-14 16:02:02');
INSERT INTO `users` (`id`, `first_name`, `last_name`, `email`, `phone`, `created_at`, `updated_at`) VALUES (12, 'Marc', 'Upton', 'freda.abbott@example.com', '1-993-222-8823', '1973-01-09 11:45:13', '2011-08-11 02:50:33');
INSERT INTO `users` (`id`, `first_name`, `last_name`, `email`, `phone`, `created_at`, `updated_at`) VALUES (13, 'Verner', 'Gusikowski', 'leif37@example.org', '1-718-183-3916x895', '2001-11-09 18:02:37', '1988-08-02 20:26:59');
INSERT INTO `users` (`id`, `first_name`, `last_name`, `email`, `phone`, `created_at`, `updated_at`) VALUES (14, 'Charles', 'Friesen', 'mortimer.wisozk@example.org', '1-285-152-9486x9131', '1993-08-10 07:22:50', '2012-01-26 12:33:41');
INSERT INTO `users` (`id`, `first_name`, `last_name`, `email`, `phone`, `created_at`, `updated_at`) VALUES (15, 'Kenyon', 'Berge', 'nicola87@example.net', '1-362-317-6296x5180', '1982-10-19 17:48:17', '2002-12-09 18:16:15');
INSERT INTO `users` (`id`, `first_name`, `last_name`, `email`, `phone`, `created_at`, `updated_at`) VALUES (16, 'Tanya', 'Stroman', 'qweissnat@example.org', '(975)999-2115', '2004-02-09 20:12:11', '2012-09-02 20:41:05');
INSERT INTO `users` (`id`, `first_name`, `last_name`, `email`, `phone`, `created_at`, `updated_at`) VALUES (17, 'Gina', 'Langworth', 'bmohr@example.net', '(754)403-8136x84917', '1976-10-06 10:33:56', '1981-09-01 00:33:56');
INSERT INTO `users` (`id`, `first_name`, `last_name`, `email`, `phone`, `created_at`, `updated_at`) VALUES (18, 'Ayana', 'Pollich', 'isaias06@example.net', '(709)664-4180x961', '1981-02-05 09:40:21', '1991-07-26 20:10:22');
INSERT INTO `users` (`id`, `first_name`, `last_name`, `email`, `phone`, `created_at`, `updated_at`) VALUES (19, 'Khalil', 'Nader', 'kuhic.micaela@example.com', '809.516.1621', '2010-08-04 15:59:47', '2010-12-16 07:04:27');
INSERT INTO `users` (`id`, `first_name`, `last_name`, `email`, `phone`, `created_at`, `updated_at`) VALUES (20, 'Cameron', 'Schoen', 'jerel14@example.net', '(222)739-2209x1662', '2015-02-01 20:58:02', '1984-11-26 13:30:03');
INSERT INTO `users` (`id`, `first_name`, `last_name`, `email`, `phone`, `created_at`, `updated_at`) VALUES (21, 'Layla', 'Pouros', 'wlebsack@example.com', '(303)299-8381x4706', '2019-02-24 06:59:49', '1976-01-01 16:52:50');
INSERT INTO `users` (`id`, `first_name`, `last_name`, `email`, `phone`, `created_at`, `updated_at`) VALUES (22, 'Furman', 'Torp', 'kianna11@example.org', '249.642.4565', '2007-09-24 12:28:52', '2014-05-17 11:31:29');
INSERT INTO `users` (`id`, `first_name`, `last_name`, `email`, `phone`, `created_at`, `updated_at`) VALUES (23, 'Joshua', 'White', 'hodkiewicz.ramiro@example.com', '1-251-678-6493x980', '1973-10-07 23:24:20', '1980-03-01 04:29:51');
INSERT INTO `users` (`id`, `first_name`, `last_name`, `email`, `phone`, `created_at`, `updated_at`) VALUES (24, 'Elody', 'Bernhard', 'rahul35@example.org', '02017578000', '1997-12-01 12:51:37', '1993-01-18 18:19:04');
INSERT INTO `users` (`id`, `first_name`, `last_name`, `email`, `phone`, `created_at`, `updated_at`) VALUES (25, 'Chandler', 'Wilderman', 'nicholaus.bogan@example.net', '1-625-805-9056x813', '1970-07-16 19:25:46', '1981-06-01 03:14:12');
INSERT INTO `users` (`id`, `first_name`, `last_name`, `email`, `phone`, `created_at`, `updated_at`) VALUES (26, 'Jeramy', 'Willms', 'huels.abdul@example.com', '(898)199-5985', '1982-02-23 19:26:50', '2007-04-27 17:04:00');
INSERT INTO `users` (`id`, `first_name`, `last_name`, `email`, `phone`, `created_at`, `updated_at`) VALUES (27, 'Gwen', 'Murray', 'nicholas04@example.net', '+49(9)8111193717', '2016-11-09 23:26:10', '2014-12-31 10:27:55');
INSERT INTO `users` (`id`, `first_name`, `last_name`, `email`, `phone`, `created_at`, `updated_at`) VALUES (28, 'Georgette', 'Gorczany', 'fratke@example.org', '1-784-192-4493x0942', '1976-12-06 19:01:34', '2000-12-29 11:33:34');
INSERT INTO `users` (`id`, `first_name`, `last_name`, `email`, `phone`, `created_at`, `updated_at`) VALUES (29, 'Viviane', 'Stanton', 'zieme.imani@example.net', '02622559870', '1988-10-18 23:45:19', '1978-06-24 07:00:12');
INSERT INTO `users` (`id`, `first_name`, `last_name`, `email`, `phone`, `created_at`, `updated_at`) VALUES (30, 'Kira', 'McGlynn', 'jon.pfeffer@example.org', '730.501.5873x844', '1995-06-01 19:30:39', '2001-09-15 14:12:34');
INSERT INTO `users` (`id`, `first_name`, `last_name`, `email`, `phone`, `created_at`, `updated_at`) VALUES (31, 'Kaitlin', 'Effertz', 'spencer.krystal@example.org', '708.305.0001', '1988-02-27 04:10:29', '1973-07-16 16:30:59');
INSERT INTO `users` (`id`, `first_name`, `last_name`, `email`, `phone`, `created_at`, `updated_at`) VALUES (32, 'Tatyana', 'Parker', 'schumm.jarrell@example.com', '1-303-267-2823', '1994-10-16 19:53:12', '1998-04-11 06:42:20');
INSERT INTO `users` (`id`, `first_name`, `last_name`, `email`, `phone`, `created_at`, `updated_at`) VALUES (33, 'Sydnee', 'Von', 'tlindgren@example.org', '1-143-166-7785', '1990-12-02 12:44:27', '2001-04-27 18:39:20');
INSERT INTO `users` (`id`, `first_name`, `last_name`, `email`, `phone`, `created_at`, `updated_at`) VALUES (34, 'Bethany', 'Windler', 'zbashirian@example.org', '(952)228-3249', '2015-12-02 14:47:49', '1989-07-18 19:13:57');
INSERT INTO `users` (`id`, `first_name`, `last_name`, `email`, `phone`, `created_at`, `updated_at`) VALUES (35, 'Sonia', 'Beatty', 'felicia.kertzmann@example.net', '(153)017-1755x52320', '1970-11-03 01:34:17', '1983-09-14 03:02:57');
INSERT INTO `users` (`id`, `first_name`, `last_name`, `email`, `phone`, `created_at`, `updated_at`) VALUES (36, 'Walker', 'Kautzer', 'ugoyette@example.com', '379.391.3669', '1990-10-25 18:18:40', '1988-08-09 19:38:07');
INSERT INTO `users` (`id`, `first_name`, `last_name`, `email`, `phone`, `created_at`, `updated_at`) VALUES (37, 'Eduardo', 'Kris', 'pgibson@example.com', '601.655.7837', '1983-12-17 18:19:11', '1973-08-10 17:53:56');
INSERT INTO `users` (`id`, `first_name`, `last_name`, `email`, `phone`, `created_at`, `updated_at`) VALUES (38, 'Bernadette', 'Konopelski', 'darby.wyman@example.org', '957-184-2210', '1987-07-26 11:14:55', '1976-06-10 20:06:04');
INSERT INTO `users` (`id`, `first_name`, `last_name`, `email`, `phone`, `created_at`, `updated_at`) VALUES (39, 'Garrett', 'Hand', 'brandt.fahey@example.net', '935-389-9826x4137', '1992-06-06 17:33:04', '2012-04-25 11:24:13');
INSERT INTO `users` (`id`, `first_name`, `last_name`, `email`, `phone`, `created_at`, `updated_at`) VALUES (40, 'Kayla', 'Emmerich', 'deborah.barrows@example.net', '951-892-6729', '1994-02-04 02:52:07', '1988-04-28 03:37:38');
INSERT INTO `users` (`id`, `first_name`, `last_name`, `email`, `phone`, `created_at`, `updated_at`) VALUES (41, 'Chris', 'Schowalter', 'paucek.ciara@example.com', '1-041-055-4634x207', '1986-07-17 23:07:57', '1995-08-29 19:13:51');
INSERT INTO `users` (`id`, `first_name`, `last_name`, `email`, `phone`, `created_at`, `updated_at`) VALUES (42, 'Christian', 'Purdy', 'josefina85@example.net', '476.206.8180x30631', '2006-07-09 04:17:51', '1993-04-14 06:32:57');
INSERT INTO `users` (`id`, `first_name`, `last_name`, `email`, `phone`, `created_at`, `updated_at`) VALUES (43, 'Camden', 'Berge', 'mafalda.wehner@example.net', '431-952-9226', '1990-09-29 21:05:31', '2013-02-20 13:35:36');
INSERT INTO `users` (`id`, `first_name`, `last_name`, `email`, `phone`, `created_at`, `updated_at`) VALUES (44, 'Xander', 'Buckridge', 'kshlerin.marcelina@example.com', '097.468.5046x5207', '2017-09-24 22:53:56', '2017-10-26 21:07:50');
INSERT INTO `users` (`id`, `first_name`, `last_name`, `email`, `phone`, `created_at`, `updated_at`) VALUES (45, 'Melvin', 'McCullough', 'reichert.rosamond@example.org', '(437)831-6160x599', '2002-07-31 09:42:31', '1986-09-14 08:21:35');
INSERT INTO `users` (`id`, `first_name`, `last_name`, `email`, `phone`, `created_at`, `updated_at`) VALUES (46, 'Gudrun', 'Lebsack', 'ervin.rau@example.com', '948.975.1106x2700', '1982-08-10 01:09:14', '2014-04-20 00:11:22');
INSERT INTO `users` (`id`, `first_name`, `last_name`, `email`, `phone`, `created_at`, `updated_at`) VALUES (47, 'Cordell', 'Mraz', 'mckenzie.neal@example.com', '652-467-1298x86406', '2018-04-01 03:10:20', '2012-10-18 00:23:27');
INSERT INTO `users` (`id`, `first_name`, `last_name`, `email`, `phone`, `created_at`, `updated_at`) VALUES (48, 'Bradley', 'Pollich', 'eusebio43@example.org', '07430446772', '1990-11-12 22:27:09', '1983-09-11 07:04:31');
INSERT INTO `users` (`id`, `first_name`, `last_name`, `email`, `phone`, `created_at`, `updated_at`) VALUES (49, 'Donna', 'Wiza', 'al.bechtelar@example.net', '(890)455-5099x21043', '2002-06-16 23:51:38', '2010-05-15 02:41:25');
INSERT INTO `users` (`id`, `first_name`, `last_name`, `email`, `phone`, `created_at`, `updated_at`) VALUES (50, 'Donna', 'Schuster', 'tgoldner@example.org', '(660)690-1471', '1999-12-15 00:07:39', '1972-08-25 17:53:06');
INSERT INTO `users` (`id`, `first_name`, `last_name`, `email`, `phone`, `created_at`, `updated_at`) VALUES (51, 'Loyce', 'Tillman', 'sgislason@example.org', '626.297.4772x7569', '1986-09-10 13:40:18', '1982-12-31 04:57:12');
INSERT INTO `users` (`id`, `first_name`, `last_name`, `email`, `phone`, `created_at`, `updated_at`) VALUES (52, 'Margot', 'Little', 'hodkiewicz.amelia@example.org', '(768)467-3924', '2014-01-13 13:04:59', '1977-07-27 13:05:05');
INSERT INTO `users` (`id`, `first_name`, `last_name`, `email`, `phone`, `created_at`, `updated_at`) VALUES (53, 'Greta', 'Doyle', 'qwuckert@example.net', '+00(7)4984509595', '1995-09-05 10:25:43', '2007-05-07 16:38:26');
INSERT INTO `users` (`id`, `first_name`, `last_name`, `email`, `phone`, `created_at`, `updated_at`) VALUES (54, 'Arnold', 'McClure', 'stefanie.schaefer@example.net', '(666)001-0215', '1990-12-31 15:47:33', '1990-09-08 04:57:18');
INSERT INTO `users` (`id`, `first_name`, `last_name`, `email`, `phone`, `created_at`, `updated_at`) VALUES (55, 'Brian', 'Weissnat', 'wyatt.barrows@example.org', '(080)185-1932x05194', '1993-03-15 17:44:37', '1971-12-15 11:05:26');
INSERT INTO `users` (`id`, `first_name`, `last_name`, `email`, `phone`, `created_at`, `updated_at`) VALUES (56, 'Herminio', 'Graham', 'baumbach.madeline@example.net', '409.653.1974', '1987-02-05 11:31:04', '1985-08-13 11:14:42');
INSERT INTO `users` (`id`, `first_name`, `last_name`, `email`, `phone`, `created_at`, `updated_at`) VALUES (57, 'Shayne', 'Klocko', 'mnienow@example.org', '276.954.8606x788', '1989-07-11 17:27:43', '1985-09-29 15:51:22');
INSERT INTO `users` (`id`, `first_name`, `last_name`, `email`, `phone`, `created_at`, `updated_at`) VALUES (58, 'Burley', 'Huel', 'prosacco.alexandra@example.com', '1-134-187-7853x08138', '2004-09-10 17:03:12', '1974-02-22 06:44:43');
INSERT INTO `users` (`id`, `first_name`, `last_name`, `email`, `phone`, `created_at`, `updated_at`) VALUES (59, 'Kristian', 'Beatty', 'arjun18@example.com', '149.839.1427x19148', '1991-04-28 00:45:19', '1977-05-20 21:54:56');
INSERT INTO `users` (`id`, `first_name`, `last_name`, `email`, `phone`, `created_at`, `updated_at`) VALUES (60, 'Margret', 'Koepp', 'jon.jacobs@example.com', '926-182-2350x4958', '2009-10-05 12:43:49', '2008-02-10 06:37:29');
INSERT INTO `users` (`id`, `first_name`, `last_name`, `email`, `phone`, `created_at`, `updated_at`) VALUES (61, 'Sofia', 'Jacobs', 'dusty.hauck@example.org', '898.756.5543x6596', '2007-06-07 07:59:00', '1999-09-19 15:19:44');
INSERT INTO `users` (`id`, `first_name`, `last_name`, `email`, `phone`, `created_at`, `updated_at`) VALUES (62, 'Kayla', 'Beer', 'angelina04@example.com', '(913)419-5819x72210', '1981-04-30 09:35:12', '2016-07-09 13:35:18');
INSERT INTO `users` (`id`, `first_name`, `last_name`, `email`, `phone`, `created_at`, `updated_at`) VALUES (63, 'Marcus', 'Wolff', 'dedrick33@example.org', '(837)020-1628', '1997-06-30 09:54:19', '1981-12-04 21:30:48');
INSERT INTO `users` (`id`, `first_name`, `last_name`, `email`, `phone`, `created_at`, `updated_at`) VALUES (64, 'Paolo', 'Jaskolski', 'wunsch.tara@example.com', '07715033924', '1997-03-30 01:58:53', '1987-02-19 15:31:32');
INSERT INTO `users` (`id`, `first_name`, `last_name`, `email`, `phone`, `created_at`, `updated_at`) VALUES (65, 'Julian', 'Treutel', 'macejkovic.dejuan@example.org', '282-850-3680', '1984-02-28 06:11:36', '2010-07-23 04:35:09');
INSERT INTO `users` (`id`, `first_name`, `last_name`, `email`, `phone`, `created_at`, `updated_at`) VALUES (66, 'Eugene', 'Jacobson', 'jacobs.enrico@example.com', '551-597-3226', '2010-10-08 23:21:03', '2003-10-24 19:18:37');
INSERT INTO `users` (`id`, `first_name`, `last_name`, `email`, `phone`, `created_at`, `updated_at`) VALUES (67, 'Hailie', 'Davis', 'vita62@example.com', '1-486-159-6145x50018', '1995-12-21 08:59:02', '1984-09-29 06:01:30');
INSERT INTO `users` (`id`, `first_name`, `last_name`, `email`, `phone`, `created_at`, `updated_at`) VALUES (68, 'August', 'Sauer', 'salma.reichel@example.com', '1-511-782-7453x1339', '1973-12-08 23:03:48', '2007-10-31 07:22:32');
INSERT INTO `users` (`id`, `first_name`, `last_name`, `email`, `phone`, `created_at`, `updated_at`) VALUES (69, 'Kaley', 'Kshlerin', 'gleason.rose@example.net', '(199)823-6056', '1992-06-02 05:56:47', '2011-12-28 18:01:34');
INSERT INTO `users` (`id`, `first_name`, `last_name`, `email`, `phone`, `created_at`, `updated_at`) VALUES (70, 'Terrill', 'Muller', 'hwunsch@example.org', '146.472.9603', '1998-04-15 06:54:15', '1983-12-10 02:08:37');
INSERT INTO `users` (`id`, `first_name`, `last_name`, `email`, `phone`, `created_at`, `updated_at`) VALUES (71, 'Deshawn', 'Ullrich', 'eusebio96@example.com', '09935949172', '1974-06-12 15:48:29', '1997-07-12 04:07:13');
INSERT INTO `users` (`id`, `first_name`, `last_name`, `email`, `phone`, `created_at`, `updated_at`) VALUES (72, 'Antonette', 'Boyer', 'katarina62@example.com', '548-225-8701x4531', '1988-11-06 07:45:46', '1987-03-17 04:04:36');
INSERT INTO `users` (`id`, `first_name`, `last_name`, `email`, `phone`, `created_at`, `updated_at`) VALUES (73, 'Jakayla', 'Bayer', 'qrunolfsdottir@example.net', '343-342-0239', '1982-08-13 01:10:20', '2004-12-24 16:22:51');
INSERT INTO `users` (`id`, `first_name`, `last_name`, `email`, `phone`, `created_at`, `updated_at`) VALUES (74, 'Marcelle', 'Wiza', 'name28@example.org', '06939122082', '2002-05-13 02:56:23', '2018-10-31 18:47:08');
INSERT INTO `users` (`id`, `first_name`, `last_name`, `email`, `phone`, `created_at`, `updated_at`) VALUES (75, 'Uriel', 'Hilpert', 'carmel11@example.com', '1-491-994-7189x998', '1981-03-04 09:36:52', '1970-04-11 23:59:44');
INSERT INTO `users` (`id`, `first_name`, `last_name`, `email`, `phone`, `created_at`, `updated_at`) VALUES (76, 'Abelardo', 'Kuphal', 'rohan.gwen@example.net', '1-360-211-1815x61221', '1976-05-31 13:54:09', '2003-05-10 04:25:34');
INSERT INTO `users` (`id`, `first_name`, `last_name`, `email`, `phone`, `created_at`, `updated_at`) VALUES (77, 'Myles', 'Ziemann', 'kadin.kuhic@example.org', '(332)509-5345', '2000-01-17 03:09:00', '1996-04-09 05:43:26');
INSERT INTO `users` (`id`, `first_name`, `last_name`, `email`, `phone`, `created_at`, `updated_at`) VALUES (78, 'Leola', 'Green', 'crist.hilma@example.net', '05483997703', '1979-06-21 13:48:23', '1980-11-17 07:53:50');
INSERT INTO `users` (`id`, `first_name`, `last_name`, `email`, `phone`, `created_at`, `updated_at`) VALUES (79, 'Cruz', 'Mueller', 'ukeebler@example.com', '051-983-6157x9114', '1999-07-17 23:53:26', '1982-12-19 08:06:37');
INSERT INTO `users` (`id`, `first_name`, `last_name`, `email`, `phone`, `created_at`, `updated_at`) VALUES (80, 'Waino', 'Stark', 'dbreitenberg@example.net', '532.082.6029x55278', '1993-05-27 07:27:36', '1989-06-30 10:51:12');
INSERT INTO `users` (`id`, `first_name`, `last_name`, `email`, `phone`, `created_at`, `updated_at`) VALUES (81, 'Royce', 'Bradtke', 'scummerata@example.net', '(611)702-1787', '2015-01-31 10:56:42', '1979-12-17 19:15:07');
INSERT INTO `users` (`id`, `first_name`, `last_name`, `email`, `phone`, `created_at`, `updated_at`) VALUES (82, 'Queen', 'Parker', 'delilah68@example.com', '609-327-6520x6571', '2005-06-16 21:47:43', '1974-05-03 08:19:05');
INSERT INTO `users` (`id`, `first_name`, `last_name`, `email`, `phone`, `created_at`, `updated_at`) VALUES (83, 'Ora', 'Dickinson', 'kris.dickens@example.org', '1-449-640-2712x8526', '1984-01-12 15:19:47', '1980-01-20 07:27:16');
INSERT INTO `users` (`id`, `first_name`, `last_name`, `email`, `phone`, `created_at`, `updated_at`) VALUES (84, 'Thomas', 'Parker', 'sledner@example.org', '727.541.8195', '2019-10-18 05:25:26', '1997-07-04 15:23:20');
INSERT INTO `users` (`id`, `first_name`, `last_name`, `email`, `phone`, `created_at`, `updated_at`) VALUES (85, 'Emelia', 'Padberg', 'jackeline07@example.com', '1-796-990-5119', '1998-12-17 20:28:22', '2019-11-25 02:43:07');
INSERT INTO `users` (`id`, `first_name`, `last_name`, `email`, `phone`, `created_at`, `updated_at`) VALUES (86, 'Elena', 'Keeling', 'eichmann.joseph@example.net', '1-853-360-8862x0900', '2016-11-21 06:30:27', '2008-03-16 17:36:34');
INSERT INTO `users` (`id`, `first_name`, `last_name`, `email`, `phone`, `created_at`, `updated_at`) VALUES (87, 'Agnes', 'Emmerich', 'mcdermott.adelbert@example.com', '(875)753-2439', '1994-09-03 13:44:45', '1998-12-05 01:20:21');
INSERT INTO `users` (`id`, `first_name`, `last_name`, `email`, `phone`, `created_at`, `updated_at`) VALUES (88, 'Mary', 'Kohler', 'schmidt.ollie@example.net', '1-181-046-2613x3595', '1999-07-23 04:48:26', '1985-02-02 23:22:54');
INSERT INTO `users` (`id`, `first_name`, `last_name`, `email`, `phone`, `created_at`, `updated_at`) VALUES (89, 'Ardith', 'Barton', 'nraynor@example.net', '748-484-5290x5228', '1974-09-29 13:13:41', '1993-10-26 08:17:54');
INSERT INTO `users` (`id`, `first_name`, `last_name`, `email`, `phone`, `created_at`, `updated_at`) VALUES (90, 'Bert', 'Swaniawski', 'kaia28@example.com', '01981892916', '2015-06-27 21:32:18', '1978-08-30 19:24:25');
INSERT INTO `users` (`id`, `first_name`, `last_name`, `email`, `phone`, `created_at`, `updated_at`) VALUES (91, 'Troy', 'Upton', 'kelsi53@example.com', '578-354-1728x58210', '2016-11-11 20:17:12', '1981-12-12 00:57:46');
INSERT INTO `users` (`id`, `first_name`, `last_name`, `email`, `phone`, `created_at`, `updated_at`) VALUES (92, 'Sarina', 'Barton', 'abraham.swift@example.net', '(095)288-4865', '1997-11-06 18:11:36', '1978-02-07 03:59:09');
INSERT INTO `users` (`id`, `first_name`, `last_name`, `email`, `phone`, `created_at`, `updated_at`) VALUES (93, 'Felicia', 'Donnelly', 'estella78@example.com', '+66(2)0862233331', '1997-08-14 11:46:57', '1993-11-02 20:25:11');
INSERT INTO `users` (`id`, `first_name`, `last_name`, `email`, `phone`, `created_at`, `updated_at`) VALUES (94, 'Frances', 'Glover', 'schoen.mikel@example.net', '441-383-7275x1838', '2019-05-15 04:36:02', '2008-04-25 17:02:17');
INSERT INTO `users` (`id`, `first_name`, `last_name`, `email`, `phone`, `created_at`, `updated_at`) VALUES (95, 'Loyce', 'Hermann', 'windler.hulda@example.net', '05407042674', '2013-07-06 03:30:06', '1976-08-01 10:33:47');
INSERT INTO `users` (`id`, `first_name`, `last_name`, `email`, `phone`, `created_at`, `updated_at`) VALUES (96, 'Claud', 'Wiegand', 'marvin.emilio@example.net', '216-929-6345x832', '2019-04-21 04:51:10', '2010-06-27 12:15:38');
INSERT INTO `users` (`id`, `first_name`, `last_name`, `email`, `phone`, `created_at`, `updated_at`) VALUES (97, 'Myrtice', 'Conn', 'dhand@example.net', '663.169.7361x717', '1992-06-16 17:31:45', '2017-09-18 22:18:26');
INSERT INTO `users` (`id`, `first_name`, `last_name`, `email`, `phone`, `created_at`, `updated_at`) VALUES (98, 'Johan', 'Smitham', 'gmaggio@example.com', '(588)167-5296', '1991-02-01 00:08:10', '2002-10-15 16:20:17');
INSERT INTO `users` (`id`, `first_name`, `last_name`, `email`, `phone`, `created_at`, `updated_at`) VALUES (99, 'Mabel', 'Nikolaus', 'opal.gutkowski@example.net', '709.906.5453', '1984-01-24 13:46:09', '1971-10-26 20:21:16');
INSERT INTO `users` (`id`, `first_name`, `last_name`, `email`, `phone`, `created_at`, `updated_at`) VALUES (100, 'Aniya', 'Weimann', 'cecelia88@example.com', '(050)978-1549x02512', '1976-01-31 17:58:31', '2013-04-09 09:54:50');


